[2026-08-06T17:38:55.726Z] === Test Execution Details Log ===
[2026-08-06T17:38:55.745Z] [PASS] [Functional Testing] TC-FUNC-001 - Verify User Profile Update (Duration: 400ms)
  Description: Validate functionality for verify user profile update across edge inputs and local persistence.
[2026-08-06T17:38:55.756Z] [PASS] [Functional Testing] TC-FUNC-002 - Validate Health Metric Input Bounds (Duration: 269ms)
  Description: Validate functionality for validate health metric input bounds across edge inputs and local persistence.
[2026-08-06T17:38:55.776Z] [PASS] [Functional Testing] TC-FUNC-003 - Check Water Intake Tracker Increment (Duration: 121ms)
  Description: Validate functionality for check water intake tracker increment across edge inputs and local persistence.
[2026-08-06T17:38:55.811Z] [PASS] [Functional Testing] TC-FUNC-004 - Verify Sleep Log Creation (Duration: 159ms)
  Description: Validate functionality for verify sleep log creation across edge inputs and local persistence.
[2026-08-06T17:38:55.844Z] [PASS] [Functional Testing] TC-FUNC-005 - Validate Weight History Deletion (Duration: 161ms)
  Description: Validate functionality for validate weight history deletion across edge inputs and local persistence.
[2026-08-06T17:38:55.862Z] [PASS] [Functional Testing] TC-FUNC-006 - Check Calorie Goal Calculation (Duration: 265ms)
  Description: Validate functionality for check calorie goal calculation across edge inputs and local persistence.
[2026-08-06T17:38:55.895Z] [PASS] [Functional Testing] TC-FUNC-007 - Verify Blood Pressure Format Validation (Duration: 386ms)
  Description: Validate functionality for verify blood pressure format validation across edge inputs and local persistence.
[2026-08-06T17:38:55.913Z] [PASS] [Functional Testing] TC-FUNC-008 - Check Glucose Log Entry (Duration: 261ms)
  Description: Validate functionality for check glucose log entry across edge inputs and local persistence.
[2026-08-06T17:38:55.945Z] [PASS] [Functional Testing] TC-FUNC-009 - Validate Heart Rate Reading Export (Duration: 376ms)
  Description: Validate functionality for validate heart rate reading export across edge inputs and local persistence.
[2026-08-06T17:38:55.961Z] [PASS] [Functional Testing] TC-FUNC-010 - Verify Step Counter Persistence (Duration: 389ms)
  Description: Validate functionality for verify step counter persistence across edge inputs and local persistence.
[2026-08-06T17:38:55.978Z] [PASS] [Functional Testing] TC-FUNC-011 - Check BMI Calculator Precision (Duration: 269ms)
  Description: Validate functionality for check bmi calculator precision across edge inputs and local persistence.
[2026-08-06T17:38:55.995Z] [PASS] [Functional Testing] TC-FUNC-012 - Validate Emergency Contact Save (Duration: 453ms)
  Description: Validate functionality for validate emergency contact save across edge inputs and local persistence.
[2026-08-06T17:38:56.012Z] [PASS] [Functional Testing] TC-FUNC-013 - Verify Medical History Search (Duration: 355ms)
  Description: Validate functionality for verify medical history search across edge inputs and local persistence.
[2026-08-06T17:38:56.030Z] [PASS] [Functional Testing] TC-FUNC-014 - Check Allergy Tag Addition (Duration: 294ms)
  Description: Validate functionality for check allergy tag addition across edge inputs and local persistence.
[2026-08-06T17:38:56.060Z] [PASS] [Functional Testing] TC-FUNC-015 - Validate Doctor Note Attachment (Duration: 177ms)
  Description: Validate functionality for validate doctor note attachment across edge inputs and local persistence.
[2026-08-06T17:38:56.078Z] [PASS] [Functional Testing] TC-FUNC-016 - Verify Prescription Renewal Request (Duration: 275ms)
  Description: Validate functionality for verify prescription renewal request across edge inputs and local persistence.
[2026-08-06T17:38:56.094Z] [PASS] [Functional Testing] TC-FUNC-017 - Check Symptom Entry Creation (Duration: 254ms)
  Description: Validate functionality for check symptom entry creation across edge inputs and local persistence.
[2026-08-06T17:38:56.112Z] [PASS] [Functional Testing] TC-FUNC-018 - Validate Lab Result PDF Export (Duration: 166ms)
  Description: Validate functionality for validate lab result pdf export across edge inputs and local persistence.
[2026-08-06T17:38:56.144Z] [PASS] [Functional Testing] TC-FUNC-019 - Verify Profile Picture Compression (Duration: 189ms)
  Description: Validate functionality for verify profile picture compression across edge inputs and local persistence.
[2026-08-06T17:38:56.162Z] [PASS] [Functional Testing] TC-FUNC-020 - Check Unit Converter (Kg to Lbs) (Duration: 232ms)
  Description: Validate functionality for check unit converter (kg to lbs) across edge inputs and local persistence.
[2026-08-06T17:38:56.178Z] [PASS] [Functional Testing] TC-FUNC-021 - Validate Date Picker Range Filter (Duration: 255ms)
  Description: Validate functionality for validate date picker range filter across edge inputs and local persistence.
[2026-08-06T17:38:56.212Z] [PASS] [Functional Testing] TC-FUNC-022 - Verify Custom Metric Creation (Duration: 233ms)
  Description: Validate functionality for verify custom metric creation across edge inputs and local persistence.
[2026-08-06T17:38:56.230Z] [PASS] [Functional Testing] TC-FUNC-023 - Check Activity Log Multi-Selection (Duration: 294ms)
  Description: Validate functionality for check activity log multi-selection across edge inputs and local persistence.
[2026-08-06T17:38:56.262Z] [PASS] [Functional Testing] TC-FUNC-024 - Validate Target Heart Rate Warning (Duration: 196ms)
  Description: Validate functionality for validate target heart rate warning across edge inputs and local persistence.
[2026-08-06T17:38:56.296Z] [PASS] [Functional Testing] TC-FUNC-025 - Verify Data Backup Generation (Duration: 168ms)
  Description: Validate functionality for verify data backup generation across edge inputs and local persistence.
[2026-08-06T17:38:56.313Z] [PASS] [Functional Testing] TC-FUNC-026 - Check Cloud Sync Protocol (Duration: 287ms)
  Description: Validate functionality for check cloud sync protocol across edge inputs and local persistence.
[2026-08-06T17:38:56.329Z] [PASS] [Functional Testing] TC-FUNC-027 - Validate Offline Cache Storage (Duration: 257ms)
  Description: Validate functionality for validate offline cache storage across edge inputs and local persistence.
[2026-08-06T17:38:56.345Z] [PASS] [Functional Testing] TC-FUNC-028 - Verify Local Database Migration (Duration: 306ms)
  Description: Validate functionality for verify local database migration across edge inputs and local persistence.
[2026-08-06T17:38:56.378Z] [PASS] [Functional Testing] TC-FUNC-029 - Check CSV Export Formatter (Duration: 216ms)
  Description: Validate functionality for check csv export formatter across edge inputs and local persistence.
[2026-08-06T17:38:56.410Z] [PASS] [Functional Testing] TC-FUNC-030 - Validate JSON Export Structure (Duration: 398ms)
  Description: Validate functionality for validate json export structure across edge inputs and local persistence.
[2026-08-06T17:38:56.444Z] [PASS] [Functional Testing] TC-FUNC-031 - Verify App Language Switching (Duration: 142ms)
  Description: Validate functionality for verify app language switching across edge inputs and local persistence.
[2026-08-06T17:38:56.461Z] [PASS] [Functional Testing] TC-FUNC-032 - Check Dark Theme State Persistence (Duration: 266ms)
  Description: Validate functionality for check dark theme state persistence across edge inputs and local persistence.
[2026-08-06T17:38:56.477Z] [PASS] [Functional Testing] TC-FUNC-033 - Validate Metric Graph Filtering (Duration: 353ms)
  Description: Validate functionality for validate metric graph filtering across edge inputs and local persistence.
[2026-08-06T17:38:56.512Z] [PASS] [Functional Testing] TC-FUNC-034 - Verify Daily Goal Achievement Popup (Duration: 426ms)
  Description: Validate functionality for verify daily goal achievement popup across edge inputs and local persistence.
[2026-08-06T17:38:56.545Z] [PASS] [Functional Testing] TC-FUNC-035 - Check Notification Sound Preference (Duration: 155ms)
  Description: Validate functionality for check notification sound preference across edge inputs and local persistence.
[2026-08-06T17:38:56.561Z] [PASS] [Functional Testing] TC-FUNC-036 - Validate Biometric Sync Switch (Duration: 166ms)
  Description: Validate functionality for validate biometric sync switch across edge inputs and local persistence.
[2026-08-06T17:38:56.578Z] [PASS] [Functional Testing] TC-FUNC-037 - Verify Family Member Profile Linking (Duration: 136ms)
  Description: Validate functionality for verify family member profile linking across edge inputs and local persistence.
[2026-08-06T17:38:56.593Z] [PASS] [Functional Testing] TC-FUNC-038 - Check Insurance Card Scanner Output (Duration: 438ms)
  Description: Validate functionality for check insurance card scanner output across edge inputs and local persistence.
[2026-08-06T17:38:56.611Z] [PASS] [Functional Testing] TC-FUNC-039 - Validate Pharmacy Finder Search (Duration: 449ms)
  Description: Validate functionality for validate pharmacy finder search across edge inputs and local persistence.
[2026-08-06T17:38:56.628Z] [PASS] [Functional Testing] TC-FUNC-040 - Verify Appointment Scheduling Validation (Duration: 448ms)
  Description: Validate functionality for verify appointment scheduling validation across edge inputs and local persistence.
[2026-08-06T17:38:56.646Z] [PASS] [Functional Testing] TC-FUNC-041 - Check Telehealth Call Log Storage (Duration: 355ms)
  Description: Validate functionality for check telehealth call log storage across edge inputs and local persistence.
[2026-08-06T17:38:56.677Z] [PASS] [Functional Testing] TC-FUNC-042 - Validate Doctor Feedback Form (Duration: 207ms)
  Description: Validate functionality for validate doctor feedback form across edge inputs and local persistence.
[2026-08-06T17:38:56.710Z] [PASS] [Functional Testing] TC-FUNC-043 - Verify Vaccine Record Upload (Duration: 285ms)
  Description: Validate functionality for verify vaccine record upload across edge inputs and local persistence.
[2026-08-06T17:38:56.744Z] [PASS] [Functional Testing] TC-FUNC-044 - Check Vital Sign Threshold Alert (Duration: 186ms)
  Description: Validate functionality for check vital sign threshold alert across edge inputs and local persistence.
[2026-08-06T17:38:56.778Z] [PASS] [Functional Testing] TC-FUNC-045 - Validate Exercise Log Time Calculation (Duration: 433ms)
  Description: Validate functionality for validate exercise log time calculation across edge inputs and local persistence.
[2026-08-06T17:38:56.811Z] [PASS] [Functional Testing] TC-FUNC-046 - Verify Mood Log Selector (Duration: 121ms)
  Description: Validate functionality for verify mood log selector across edge inputs and local persistence.
[2026-08-06T17:38:56.828Z] [PASS] [Functional Testing] TC-FUNC-047 - Check Daily Streak Increment (Duration: 206ms)
  Description: Validate functionality for check daily streak increment across edge inputs and local persistence.
[2026-08-06T17:38:56.843Z] [PASS] [Functional Testing] TC-FUNC-048 - Validate User Feedback Submission (Duration: 176ms)
  Description: Validate functionality for validate user feedback submission across edge inputs and local persistence.
[2026-08-06T17:38:56.861Z] [PASS] [Functional Testing] TC-FUNC-049 - Verify Account Data Deletion Request (Duration: 411ms)
  Description: Validate functionality for verify account data deletion request across edge inputs and local persistence.
[2026-08-06T17:38:56.878Z] [PASS] [Functional Testing] TC-FUNC-050 - Check Privacy Policy Acceptance Log (Duration: 160ms)
  Description: Validate functionality for check privacy policy acceptance log across edge inputs and local persistence.
[2026-08-06T17:38:56.896Z] [PASS] [UI Testing] TC-UI-001 - Verify Dashboard Layout Alignment (Duration: 328ms)
  Description: Inspect UI elements and layout fidelity for verify dashboard layout alignment against design specifications.
[2026-08-06T17:38:56.911Z] [PASS] [UI Testing] TC-UI-002 - Check Bottom Navigation Bar Icons (Duration: 215ms)
  Description: Inspect UI elements and layout fidelity for check bottom navigation bar icons against design specifications.
[2026-08-06T17:38:56.944Z] [PASS] [UI Testing] TC-UI-003 - Validate Dark Mode Color Palette (Duration: 218ms)
  Description: Inspect UI elements and layout fidelity for validate dark mode color palette against design specifications.
[2026-08-06T17:38:56.961Z] [PASS] [UI Testing] TC-UI-004 - Verify Typography Scaling on Accessibility Text (Duration: 324ms)
  Description: Inspect UI elements and layout fidelity for verify typography scaling on accessibility text against design specifications.
[2026-08-06T17:38:56.978Z] [PASS] [UI Testing] TC-UI-005 - Check Card Shadow Rendering (Duration: 414ms)
  Description: Inspect UI elements and layout fidelity for check card shadow rendering against design specifications.
[2026-08-06T17:38:57.010Z] [PASS] [UI Testing] TC-UI-006 - Validate FAB Button Visibility (Duration: 372ms)
  Description: Inspect UI elements and layout fidelity for validate fab button visibility against design specifications.
[2026-08-06T17:38:57.027Z] [PASS] [UI Testing] TC-UI-007 - Verify Modal Overlay Animation (Duration: 132ms)
  Description: Inspect UI elements and layout fidelity for verify modal overlay animation against design specifications.
[2026-08-06T17:38:57.044Z] [PASS] [UI Testing] TC-UI-008 - Check Toast Notification Styling (Duration: 403ms)
  Description: Inspect UI elements and layout fidelity for check toast notification styling against design specifications.
[2026-08-06T17:38:57.062Z] [PASS] [UI Testing] TC-UI-009 - Validate Pull-to-Refresh Indicator (Duration: 121ms)
  Description: Inspect UI elements and layout fidelity for validate pull-to-refresh indicator against design specifications.
[2026-08-06T17:38:57.095Z] [PASS] [UI Testing] TC-UI-010 - Verify Skeleton Loader on Data Fetch (Duration: 376ms)
  Description: Inspect UI elements and layout fidelity for verify skeleton loader on data fetch against design specifications.
[2026-08-06T17:38:57.128Z] [PASS] [UI Testing] TC-UI-011 - Check Tab Indicator Transition (Duration: 151ms)
  Description: Inspect UI elements and layout fidelity for check tab indicator transition against design specifications.
[2026-08-06T17:38:57.161Z] [PASS] [UI Testing] TC-UI-012 - Validate Input Field Border Highlights (Duration: 305ms)
  Description: Inspect UI elements and layout fidelity for validate input field border highlights against design specifications.
[2026-08-06T17:38:57.177Z] [PASS] [UI Testing] TC-UI-013 - Verify Error Message Red Color Contrast (Duration: 259ms)
  Description: Inspect UI elements and layout fidelity for verify error message red color contrast against design specifications.
[2026-08-06T17:38:57.193Z] [PASS] [UI Testing] TC-UI-014 - Check Success Badge Rendering (Duration: 236ms)
  Description: Inspect UI elements and layout fidelity for check success badge rendering against design specifications.
[2026-08-06T17:38:57.227Z] [PASS] [UI Testing] TC-UI-015 - Validate Grid Column Responsiveness (Duration: 195ms)
  Description: Inspect UI elements and layout fidelity for validate grid column responsiveness against design specifications.
[2026-08-06T17:38:57.261Z] [PASS] [UI Testing] TC-UI-016 - Verify Chart Canvas Redraw on Resize (Duration: 359ms)
  Description: Inspect UI elements and layout fidelity for verify chart canvas redraw on resize against design specifications.
[2026-08-06T17:38:57.295Z] [PASS] [UI Testing] TC-UI-017 - Check Floating Header Elevation (Duration: 233ms)
  Description: Inspect UI elements and layout fidelity for check floating header elevation against design specifications.
[2026-08-06T17:38:57.313Z] [PASS] [UI Testing] TC-UI-018 - Validate Bottom Sheet Drag Gesture Visual (Duration: 392ms)
  Description: Inspect UI elements and layout fidelity for validate bottom sheet drag gesture visual against design specifications.
[2026-08-06T17:38:57.345Z] [PASS] [UI Testing] TC-UI-019 - Verify Avatar Circle Aspect Ratio (Duration: 153ms)
  Description: Inspect UI elements and layout fidelity for verify avatar circle aspect ratio against design specifications.
[2026-08-06T17:38:57.362Z] [PASS] [UI Testing] TC-UI-020 - Check Icon Tint on Active State (Duration: 308ms)
  Description: Inspect UI elements and layout fidelity for check icon tint on active state against design specifications.
[2026-08-06T17:38:57.378Z] [PASS] [UI Testing] TC-UI-021 - Validate List Divider Margin (Duration: 363ms)
  Description: Inspect UI elements and layout fidelity for validate list divider margin against design specifications.
[2026-08-06T17:38:57.411Z] [PASS] [UI Testing] TC-UI-022 - Verify Multi-Select Checkbox Animation (Duration: 304ms)
  Description: Inspect UI elements and layout fidelity for verify multi-select checkbox animation against design specifications.
[2026-08-06T17:38:57.445Z] [PASS] [UI Testing] TC-UI-023 - Check Toggle Switch Smoothness (Duration: 423ms)
  Description: Inspect UI elements and layout fidelity for check toggle switch smoothness against design specifications.
[2026-08-06T17:38:57.461Z] [PASS] [UI Testing] TC-UI-024 - Validate Tooltip Arrow Position (Duration: 252ms)
  Description: Inspect UI elements and layout fidelity for validate tooltip arrow position against design specifications.
[2026-08-06T17:38:57.478Z] [PASS] [UI Testing] TC-UI-025 - Verify Status Bar Translucency (Duration: 243ms)
  Description: Inspect UI elements and layout fidelity for verify status bar translucency against design specifications.
[2026-08-06T17:38:57.494Z] [PASS] [UI Testing] TC-UI-026 - Check System Navigation Bar Overlap (Duration: 175ms)
  Description: Inspect UI elements and layout fidelity for check system navigation bar overlap against design specifications.
[2026-08-06T17:38:57.511Z] [PASS] [UI Testing] TC-UI-027 - Validate Splash Screen Logo Centering (Duration: 305ms)
  Description: Inspect UI elements and layout fidelity for validate splash screen logo centering against design specifications.
[2026-08-06T17:38:57.544Z] [PASS] [UI Testing] TC-UI-028 - Verify Empty State Vector Graphic (Duration: 245ms)
  Description: Inspect UI elements and layout fidelity for verify empty state vector graphic against design specifications.
[2026-08-06T17:38:57.578Z] [PASS] [UI Testing] TC-UI-029 - Check Search Bar Clear Icon Alignment (Duration: 131ms)
  Description: Inspect UI elements and layout fidelity for check search bar clear icon alignment against design specifications.
[2026-08-06T17:38:57.594Z] [PASS] [UI Testing] TC-UI-030 - Validate Pill Badge Overflow Text (Duration: 342ms)
  Description: Inspect UI elements and layout fidelity for validate pill badge overflow text against design specifications.
[2026-08-06T17:38:57.612Z] [PASS] [UI Testing] TC-UI-031 - Verify Circular Progress Bar Smoothness (Duration: 333ms)
  Description: Inspect UI elements and layout fidelity for verify circular progress bar smoothness against design specifications.
[2026-08-06T17:38:57.644Z] [PASS] [UI Testing] TC-UI-032 - Check Wave Animation on Loading (Duration: 352ms)
  Description: Inspect UI elements and layout fidelity for check wave animation on loading against design specifications.
[2026-08-06T17:38:57.661Z] [PASS] [UI Testing] TC-UI-033 - Validate Custom Calendar View Cells (Duration: 310ms)
  Description: Inspect UI elements and layout fidelity for validate custom calendar view cells against design specifications.
[2026-08-06T17:38:57.678Z] [PASS] [UI Testing] TC-UI-034 - Verify Dialog Box Button Spacing (Duration: 331ms)
  Description: Inspect UI elements and layout fidelity for verify dialog box button spacing against design specifications.
[2026-08-06T17:38:57.711Z] [PASS] [UI Testing] TC-UI-035 - Check Swipe-to-Delete Background Red Tint (Duration: 114ms)
  Description: Inspect UI elements and layout fidelity for check swipe-to-delete background red tint against design specifications.
[2026-08-06T17:38:57.728Z] [PASS] [UI Testing] TC-UI-036 - Validate Accordion Menu Arrow Rotation (Duration: 169ms)
  Description: Inspect UI elements and layout fidelity for validate accordion menu arrow rotation against design specifications.
[2026-08-06T17:38:57.744Z] [PASS] [UI Testing] TC-UI-037 - Verify Segmented Control Active State (Duration: 222ms)
  Description: Inspect UI elements and layout fidelity for verify segmented control active state against design specifications.
[2026-08-06T17:38:57.761Z] [PASS] [UI Testing] TC-UI-038 - Check Rating Star Fill Animation (Duration: 369ms)
  Description: Inspect UI elements and layout fidelity for check rating star fill animation against design specifications.
[2026-08-06T17:38:57.795Z] [PASS] [UI Testing] TC-UI-039 - Validate Slider Knob Drag Shadow (Duration: 346ms)
  Description: Inspect UI elements and layout fidelity for validate slider knob drag shadow against design specifications.
[2026-08-06T17:38:57.827Z] [PASS] [UI Testing] TC-UI-040 - Verify Badge Counter Dot Position (Duration: 217ms)
  Description: Inspect UI elements and layout fidelity for verify badge counter dot position against design specifications.
[2026-08-06T17:38:57.844Z] [PASS] [UI Testing] TC-UI-041 - Check Chip Selector Margin (Duration: 258ms)
  Description: Inspect UI elements and layout fidelity for check chip selector margin against design specifications.
[2026-08-06T17:38:57.878Z] [PASS] [UI Testing] TC-UI-042 - Validate Step Tracker Progress Arc (Duration: 125ms)
  Description: Inspect UI elements and layout fidelity for validate step tracker progress arc against design specifications.
[2026-08-06T17:38:57.911Z] [PASS] [UI Testing] TC-UI-043 - Verify Horizontal Scroll View Edge Glow (Duration: 154ms)
  Description: Inspect UI elements and layout fidelity for verify horizontal scroll view edge glow against design specifications.
[2026-08-06T17:38:57.928Z] [PASS] [UI Testing] TC-UI-044 - Check Sticky Header Snap Effect (Duration: 162ms)
  Description: Inspect UI elements and layout fidelity for check sticky header snap effect against design specifications.
[2026-08-06T17:38:57.944Z] [PASS] [UI Testing] TC-UI-045 - Validate Floating Action Button Label (Duration: 398ms)
  Description: Inspect UI elements and layout fidelity for validate floating action button label against design specifications.
[2026-08-06T17:38:57.961Z] [PASS] [UI Testing] TC-UI-046 - Verify Form Input Label Floating Effect (Duration: 403ms)
  Description: Inspect UI elements and layout fidelity for verify form input label floating effect against design specifications.
[2026-08-06T17:38:57.980Z] [PASS] [UI Testing] TC-UI-047 - Check Dropdown Menu Transition (Duration: 426ms)
  Description: Inspect UI elements and layout fidelity for check dropdown menu transition against design specifications.
[2026-08-06T17:38:58.011Z] [PASS] [UI Testing] TC-UI-048 - Validate Image Crop Overlay Visual (Duration: 383ms)
  Description: Inspect UI elements and layout fidelity for validate image crop overlay visual against design specifications.
[2026-08-06T17:38:58.027Z] [PASS] [UI Testing] TC-UI-049 - Verify Screen Transition Fade In/Out (Duration: 229ms)
  Description: Inspect UI elements and layout fidelity for verify screen transition fade in/out against design specifications.
[2026-08-06T17:38:58.044Z] [PASS] [UI Testing] TC-UI-050 - Check Layout Balance Across Aspect Ratios (Duration: 402ms)
  Description: Inspect UI elements and layout fidelity for check layout balance across aspect ratios against design specifications.
[2026-08-06T17:38:58.078Z] [PASS] [Navigation Testing] TC-NAV-001 - Verify Dashboard to Medical Records Route (Duration: 296ms)
  Description: Test navigation path, backstack state, and router transitions for verify dashboard to medical records route.
[2026-08-06T17:38:58.102Z] [PASS] [Navigation Testing] TC-NAV-002 - Check Tab Switch from Vitals to Reminders (Duration: 275ms)
  Description: Test navigation path, backstack state, and router transitions for check tab switch from vitals to reminders.
[2026-08-06T17:38:58.127Z] [PASS] [Navigation Testing] TC-NAV-003 - Validate Back Button Stack Behavior (Duration: 345ms)
  Description: Test navigation path, backstack state, and router transitions for validate back button stack behavior.
[2026-08-06T17:38:58.159Z] [PASS] [Navigation Testing] TC-NAV-004 - Verify Deep Link Routing for Medication Alert (Duration: 413ms)
  Description: Test navigation path, backstack state, and router transitions for verify deep link routing for medication alert.
[2026-08-06T17:38:58.178Z] [PASS] [Navigation Testing] TC-NAV-005 - Check Bottom Bar Selection State on Swipe (Duration: 224ms)
  Description: Test navigation path, backstack state, and router transitions for check bottom bar selection state on swipe.
[2026-08-06T17:38:58.194Z] [PASS] [Navigation Testing] TC-NAV-006 - Validate Profile Screen Nav Transition (Duration: 392ms)
  Description: Test navigation path, backstack state, and router transitions for validate profile screen nav transition.
[2026-08-06T17:38:58.211Z] [PASS] [Navigation Testing] TC-NAV-007 - Verify Settings Nested Submenu Route (Duration: 322ms)
  Description: Test navigation path, backstack state, and router transitions for verify settings nested submenu route.
[2026-08-06T17:38:58.229Z] [PASS] [Navigation Testing] TC-NAV-008 - Check Exit Confirmation Dialog on Back Press (Duration: 377ms)
  Description: Test navigation path, backstack state, and router transitions for check exit confirmation dialog on back press.
[2026-08-06T17:38:58.261Z] [PASS] [Navigation Testing] TC-NAV-009 - Validate Breadcrumb Trail in Records Archive (Duration: 387ms)
  Description: Test navigation path, backstack state, and router transitions for validate breadcrumb trail in records archive.
[2026-08-06T17:38:58.277Z] [PASS] [Navigation Testing] TC-NAV-010 - Verify Push Notification Tap Destination (Duration: 290ms)
  Description: Test navigation path, backstack state, and router transitions for verify push notification tap destination.
[2026-08-06T17:38:58.294Z] [PASS] [Navigation Testing] TC-NAV-011 - Check Quick Action Shortcut Route (Duration: 255ms)
  Description: Test navigation path, backstack state, and router transitions for check quick action shortcut route.
[2026-08-06T17:38:58.311Z] [PASS] [Navigation Testing] TC-NAV-012 - Validate Unsaved Changes Nav Guard (Duration: 371ms)
  Description: Test navigation path, backstack state, and router transitions for validate unsaved changes nav guard.
[2026-08-06T17:38:58.328Z] [PASS] [Navigation Testing] TC-NAV-013 - Verify AI Hub Screen Launch from Home (Duration: 126ms)
  Description: Test navigation path, backstack state, and router transitions for verify ai hub screen launch from home.
[2026-08-06T17:38:58.362Z] [PASS] [Navigation Testing] TC-NAV-014 - Check OCR Camera Screen Navigation (Duration: 287ms)
  Description: Test navigation path, backstack state, and router transitions for check ocr camera screen navigation.
[2026-08-06T17:38:58.378Z] [PASS] [Navigation Testing] TC-NAV-015 - Validate Prescription Detail Modal Push (Duration: 312ms)
  Description: Test navigation path, backstack state, and router transitions for validate prescription detail modal push.
[2026-08-06T17:38:58.395Z] [PASS] [Navigation Testing] TC-NAV-016 - Verify Doctor Chat Screen Route (Duration: 130ms)
  Description: Test navigation path, backstack state, and router transitions for verify doctor chat screen route.
[2026-08-06T17:38:58.411Z] [PASS] [Navigation Testing] TC-NAV-017 - Check Analytics Sub-Tab Navigation (Duration: 335ms)
  Description: Test navigation path, backstack state, and router transitions for check analytics sub-tab navigation.
[2026-08-06T17:38:58.428Z] [PASS] [Navigation Testing] TC-NAV-018 - Validate Cross-Feature Link from Vital to Doctor (Duration: 140ms)
  Description: Test navigation path, backstack state, and router transitions for validate cross-feature link from vital to doctor.
[2026-08-06T17:38:58.462Z] [PASS] [Navigation Testing] TC-NAV-019 - Verify Drawer Menu Screen Navigation (Duration: 239ms)
  Description: Test navigation path, backstack state, and router transitions for verify drawer menu screen navigation.
[2026-08-06T17:38:58.478Z] [PASS] [Navigation Testing] TC-NAV-020 - Check Back Stack Clear on Logout (Duration: 333ms)
  Description: Test navigation path, backstack state, and router transitions for check back stack clear on logout.
[2026-08-06T17:38:58.495Z] [PASS] [Navigation Testing] TC-NAV-021 - Validate Re-Authentication Nav Intercept (Duration: 337ms)
  Description: Test navigation path, backstack state, and router transitions for validate re-authentication nav intercept.
[2026-08-06T17:38:58.528Z] [PASS] [Navigation Testing] TC-NAV-022 - Verify Home Screen Return on App Resume (Duration: 441ms)
  Description: Test navigation path, backstack state, and router transitions for verify home screen return on app resume.
[2026-08-06T17:38:58.560Z] [PASS] [Navigation Testing] TC-NAV-023 - Check External Link Handling (Privacy Policy) (Duration: 261ms)
  Description: Test navigation path, backstack state, and router transitions for check external link handling (privacy policy).
[2026-08-06T17:38:58.594Z] [PASS] [Navigation Testing] TC-NAV-024 - Validate Help & Support WebView Navigation (Duration: 422ms)
  Description: Test navigation path, backstack state, and router transitions for validate help & support webview navigation.
[2026-08-06T17:38:58.611Z] [PASS] [Navigation Testing] TC-NAV-025 - Verify Appointment Detail Screen Route (Duration: 247ms)
  Description: Test navigation path, backstack state, and router transitions for verify appointment detail screen route.
[2026-08-06T17:38:58.628Z] [PASS] [Navigation Testing] TC-NAV-026 - Check Category Filter Deep Linking (Duration: 415ms)
  Description: Test navigation path, backstack state, and router transitions for check category filter deep linking.
[2026-08-06T17:38:58.644Z] [PASS] [Navigation Testing] TC-NAV-027 - Validate Multi-Step Form Screen Forward Route (Duration: 149ms)
  Description: Test navigation path, backstack state, and router transitions for validate multi-step form screen forward route.
[2026-08-06T17:38:58.661Z] [PASS] [Navigation Testing] TC-NAV-028 - Verify Multi-Step Form Screen Backward Route (Duration: 327ms)
  Description: Test navigation path, backstack state, and router transitions for verify multi-step form screen backward route.
[2026-08-06T17:38:58.678Z] [PASS] [Navigation Testing] TC-NAV-029 - Check Tab Restoration after Orientation Change (Duration: 378ms)
  Description: Test navigation path, backstack state, and router transitions for check tab restoration after orientation change.
[2026-08-06T17:38:58.712Z] [PASS] [Navigation Testing] TC-NAV-030 - Validate Search Result Item Tap Destination (Duration: 348ms)
  Description: Test navigation path, backstack state, and router transitions for validate search result item tap destination.
[2026-08-06T17:38:58.728Z] [PASS] [Navigation Testing] TC-NAV-031 - Verify Notification History List Nav (Duration: 448ms)
  Description: Test navigation path, backstack state, and router transitions for verify notification history list nav.
[2026-08-06T17:38:58.745Z] [PASS] [Navigation Testing] TC-NAV-032 - Check Emergency Contact Call Intent Launch (Duration: 445ms)
  Description: Test navigation path, backstack state, and router transitions for check emergency contact call intent launch.
[2026-08-06T17:38:58.762Z] [PASS] [Navigation Testing] TC-NAV-033 - Validate Pharmacy Map Screen Route (Duration: 246ms)
  Description: Test navigation path, backstack state, and router transitions for validate pharmacy map screen route.
[2026-08-06T17:38:58.778Z] [PASS] [Navigation Testing] TC-NAV-034 - Verify Diagnostic Test List Routing (Duration: 336ms)
  Description: Test navigation path, backstack state, and router transitions for verify diagnostic test list routing.
[2026-08-06T17:38:58.795Z] [PASS] [Navigation Testing] TC-NAV-035 - Check Lab Report Download Screen Route (Duration: 383ms)
  Description: Test navigation path, backstack state, and router transitions for check lab report download screen route.
[2026-08-06T17:38:58.811Z] [PASS] [Navigation Testing] TC-NAV-036 - Validate Family Member Profile Switch Route (Duration: 246ms)
  Description: Test navigation path, backstack state, and router transitions for validate family member profile switch route.
[2026-08-06T17:38:58.828Z] [PASS] [Navigation Testing] TC-NAV-037 - Verify Symptom Checker Wizard Steps (Duration: 119ms)
  Description: Test navigation path, backstack state, and router transitions for verify symptom checker wizard steps.
[2026-08-06T17:38:58.861Z] [PASS] [Navigation Testing] TC-NAV-038 - Check Device Connection Screen Route (Duration: 236ms)
  Description: Test navigation path, backstack state, and router transitions for check device connection screen route.
[2026-08-06T17:38:58.876Z] [PASS] [Navigation Testing] TC-NAV-039 - Validate Bluetooth Pair Setup Navigation (Duration: 424ms)
  Description: Test navigation path, backstack state, and router transitions for validate bluetooth pair setup navigation.
[2026-08-06T17:38:58.895Z] [PASS] [Navigation Testing] TC-NAV-040 - Verify Account Security Sub-menu Route (Duration: 409ms)
  Description: Test navigation path, backstack state, and router transitions for verify account security sub-menu route.
[2026-08-06T17:38:58.911Z] [PASS] [Navigation Testing] TC-NAV-041 - Verify Activity Log History Route (Duration: 355ms)
  Description: Test navigation path, backstack state, and router transitions for verify activity log history route.
[2026-08-06T17:38:58.928Z] [PASS] [Navigation Testing] TC-NAV-042 - Check Data Export Wizard Navigation (Duration: 318ms)
  Description: Test navigation path, backstack state, and router transitions for check data export wizard navigation.
[2026-08-06T17:38:58.962Z] [PASS] [Navigation Testing] TC-NAV-043 - Validate Billing & Subscription Screen Route (Duration: 406ms)
  Description: Test navigation path, backstack state, and router transitions for validate billing & subscription screen route.
[2026-08-06T17:38:58.994Z] [PASS] [Navigation Testing] TC-NAV-044 - Verify Feedback Form Screen Launch (Duration: 400ms)
  Description: Test navigation path, backstack state, and router transitions for verify feedback form screen launch.
[2026-08-06T17:38:59.028Z] [PASS] [Navigation Testing] TC-NAV-045 - Check FAQ Accordion Nav Scroll (Duration: 439ms)
  Description: Test navigation path, backstack state, and router transitions for check faq accordion nav scroll.
[2026-08-06T17:38:59.045Z] [PASS] [Navigation Testing] TC-NAV-046 - Validate Offline Notice Screen Redirection (Duration: 363ms)
  Description: Test navigation path, backstack state, and router transitions for validate offline notice screen redirection.
[2026-08-06T17:38:59.077Z] [PASS] [Navigation Testing] TC-NAV-047 - Verify Server Error Screen Retry Navigation (Duration: 227ms)
  Description: Test navigation path, backstack state, and router transitions for verify server error screen retry navigation.
[2026-08-06T17:38:59.095Z] [PASS] [Navigation Testing] TC-NAV-048 - Check Session Timeout Redirect to Login (Duration: 392ms)
  Description: Test navigation path, backstack state, and router transitions for check session timeout redirect to login.
[2026-08-06T17:38:59.111Z] [PASS] [Navigation Testing] TC-NAV-049 - Validate Deep Link Schema healthlog://record/123 (Duration: 158ms)
  Description: Test navigation path, backstack state, and router transitions for validate deep link schema healthlog://record/123.
[2026-08-06T17:38:59.127Z] [PASS] [Navigation Testing] TC-NAV-050 - Verify Deep Link Schema healthlog://reminder/456 (Duration: 252ms)
  Description: Test navigation path, backstack state, and router transitions for verify deep link schema healthlog://reminder/456.
[2026-08-06T17:38:59.144Z] [PASS] [Authentication Testing] TC-AUTH-001 - Verify Login with Valid Credentials (Duration: 251ms)
  Description: Test authentication flows, biometric security, and session management for verify login with valid credentials.
[2026-08-06T17:38:59.161Z] [PASS] [Authentication Testing] TC-AUTH-002 - Validate Login Failure with Wrong Password (Duration: 427ms)
  Description: Test authentication flows, biometric security, and session management for validate login failure with wrong password.
[2026-08-06T17:38:59.176Z] [PASS] [Authentication Testing] TC-AUTH-003 - Check Email Format Validation on Login (Duration: 207ms)
  Description: Test authentication flows, biometric security, and session management for check email format validation on login.
[2026-08-06T17:38:59.211Z] [PASS] [Authentication Testing] TC-AUTH-004 - Verify Registration with New User Data (Duration: 363ms)
  Description: Test authentication flows, biometric security, and session management for verify registration with new user data.
[2026-08-06T17:38:59.228Z] [PASS] [Authentication Testing] TC-AUTH-005 - Check Password Strength Indicator (Duration: 261ms)
  Description: Test authentication flows, biometric security, and session management for check password strength indicator.
[2026-08-06T17:38:59.245Z] [PASS] [Authentication Testing] TC-AUTH-006 - Validate Duplicate Email Signup Error (Duration: 515ms)
  Description: Test authentication flows, biometric security, and session management for validate duplicate email signup error.
[2026-08-06T17:38:59.261Z] [PASS] [Authentication Testing] TC-AUTH-007 - Verify OTP Generation for Password Reset (Duration: 273ms)
  Description: Test authentication flows, biometric security, and session management for verify otp generation for password reset.
[2026-08-06T17:38:59.277Z] [PASS] [Authentication Testing] TC-AUTH-008 - Check OTP Expiration Timer (Duration: 290ms)
  Description: Test authentication flows, biometric security, and session management for check otp expiration timer.
[2026-08-06T17:38:59.294Z] [PASS] [Authentication Testing] TC-AUTH-009 - Validate OTP Verification Success (Duration: 479ms)
  Description: Test authentication flows, biometric security, and session management for validate otp verification success.
[2026-08-06T17:38:59.328Z] [PASS] [Authentication Testing] TC-AUTH-010 - Verify Fingerprint Biometric Unlock (Duration: 219ms)
  Description: Test authentication flows, biometric security, and session management for verify fingerprint biometric unlock.
[2026-08-06T17:38:59.361Z] [PASS] [Authentication Testing] TC-AUTH-011 - Check FaceID Authentication Trigger (Duration: 260ms)
  Description: Test authentication flows, biometric security, and session management for check faceid authentication trigger.
[2026-08-06T17:38:59.378Z] [PASS] [Authentication Testing] TC-AUTH-012 - Validate Fallback to PIN on Biometric Fail (Duration: 490ms)
  Description: Test authentication flows, biometric security, and session management for validate fallback to pin on biometric fail.
[2026-08-06T17:38:59.411Z] [PASS] [Authentication Testing] TC-AUTH-013 - Verify JWT Access Token Storage (Duration: 311ms)
  Description: Test authentication flows, biometric security, and session management for verify jwt access token storage.
[2026-08-06T17:38:59.445Z] [PASS] [Authentication Testing] TC-AUTH-014 - Check Refresh Token Rotation (Duration: 363ms)
  Description: Test authentication flows, biometric security, and session management for check refresh token rotation.
[2026-08-06T17:38:59.461Z] [PASS] [Authentication Testing] TC-AUTH-015 - Validate Automatic Token Renewal on 401 (Duration: 255ms)
  Description: Test authentication flows, biometric security, and session management for validate automatic token renewal on 401.
[2026-08-06T17:38:59.478Z] [PASS] [Authentication Testing] TC-AUTH-016 - Verify Remember Me Checkbox Logic (Duration: 317ms)
  Description: Test authentication flows, biometric security, and session management for verify remember me checkbox logic.
[2026-08-06T17:38:59.512Z] [PASS] [Authentication Testing] TC-AUTH-017 - Check Logout Token Invalidation (Duration: 500ms)
  Description: Test authentication flows, biometric security, and session management for check logout token invalidation.
[2026-08-06T17:38:59.528Z] [PASS] [Authentication Testing] TC-AUTH-018 - Validate Multi-Device Active Sessions List (Duration: 400ms)
  Description: Test authentication flows, biometric security, and session management for validate multi-device active sessions list.
[2026-08-06T17:38:59.544Z] [PASS] [Authentication Testing] TC-AUTH-019 - Verify Remote Device Revocation (Duration: 335ms)
  Description: Test authentication flows, biometric security, and session management for verify remote device revocation.
[2026-08-06T17:38:59.561Z] [PASS] [Authentication Testing] TC-AUTH-020 - Check Account Lockout after 5 Failed Logins (Duration: 482ms)
  Description: Test authentication flows, biometric security, and session management for check account lockout after 5 failed logins.
[2026-08-06T17:38:59.594Z] [PASS] [Authentication Testing] TC-AUTH-021 - Validate Lockout Countdown Timer (Duration: 439ms)
  Description: Test authentication flows, biometric security, and session management for validate lockout countdown timer.
[2026-08-06T17:38:59.611Z] [PASS] [Authentication Testing] TC-AUTH-022 - Verify Social Auth (Google Sign-In) (Duration: 514ms)
  Description: Test authentication flows, biometric security, and session management for verify social auth (google sign-in).
[2026-08-06T17:38:59.628Z] [PASS] [Authentication Testing] TC-AUTH-023 - Check Social Auth (Apple ID Sign-In) (Duration: 493ms)
  Description: Test authentication flows, biometric security, and session management for check social auth (apple id sign-in).
[2026-08-06T17:38:59.643Z] [PASS] [Authentication Testing] TC-AUTH-024 - Validate OAuth Callback Token Handling (Duration: 391ms)
  Description: Test authentication flows, biometric security, and session management for validate oauth callback token handling.
[2026-08-06T17:38:59.660Z] [PASS] [Authentication Testing] TC-AUTH-025 - Verify Two-Factor Authentication Setup (Duration: 387ms)
  Description: Test authentication flows, biometric security, and session management for verify two-factor authentication setup.
[2026-08-06T17:38:59.679Z] [PASS] [Authentication Testing] TC-AUTH-026 - Check 2FA Authenticator App Secret Key (Duration: 332ms)
  Description: Test authentication flows, biometric security, and session management for check 2fa authenticator app secret key.
[2026-08-06T17:38:59.695Z] [PASS] [Authentication Testing] TC-AUTH-027 - Validate Backup Recovery Codes Generation (Duration: 348ms)
  Description: Test authentication flows, biometric security, and session management for validate backup recovery codes generation.
[2026-08-06T17:38:59.728Z] [PASS] [Authentication Testing] TC-AUTH-028 - Verify Password Change Verification (Duration: 499ms)
  Description: Test authentication flows, biometric security, and session management for verify password change verification.
[2026-08-06T17:38:59.745Z] [PASS] [Authentication Testing] TC-AUTH-029 - Check Security Question Answer Hash (Duration: 209ms)
  Description: Test authentication flows, biometric security, and session management for check security question answer hash.
[2026-08-06T17:38:59.761Z] [PASS] [Authentication Testing] TC-AUTH-030 - Validate Phone Number Verification SMS (Duration: 144ms)
  Description: Test authentication flows, biometric security, and session management for validate phone number verification sms.
[2026-08-06T17:38:59.778Z] [PASS] [Authentication Testing] TC-AUTH-031 - Verify PIN Setup on First Launch (Duration: 435ms)
  Description: Test authentication flows, biometric security, and session management for verify pin setup on first launch.
[2026-08-06T17:38:59.812Z] [PASS] [Authentication Testing] TC-AUTH-032 - Check PIN Change Sequence (Duration: 278ms)
  Description: Test authentication flows, biometric security, and session management for check pin change sequence.
[2026-08-06T17:38:59.828Z] [PASS] [Authentication Testing] TC-AUTH-033 - Validate Session Timeout after Inactivity (Duration: 492ms)
  Description: Test authentication flows, biometric security, and session management for validate session timeout after inactivity.
[2026-08-06T17:38:59.845Z] [PASS] [Authentication Testing] TC-AUTH-034 - Verify Backgrounding Lock Trigger (Duration: 183ms)
  Description: Test authentication flows, biometric security, and session management for verify backgrounding lock trigger.
[2026-08-06T17:38:59.862Z] [PASS] [Authentication Testing] TC-AUTH-035 - Check App Re-entry Security Gate (Duration: 195ms)
  Description: Test authentication flows, biometric security, and session management for check app re-entry security gate.
[2026-08-06T17:38:59.878Z] [PASS] [Authentication Testing] TC-AUTH-036 - Validate Encrypted Shared Preferences Security (Duration: 331ms)
  Description: Test authentication flows, biometric security, and session management for validate encrypted shared preferences security.
[2026-08-06T17:38:59.895Z] [PASS] [Authentication Testing] TC-AUTH-037 - Verify Guest Mode Restrictions (Duration: 390ms)
  Description: Test authentication flows, biometric security, and session management for verify guest mode restrictions.
[2026-08-06T17:38:59.911Z] [PASS] [Authentication Testing] TC-AUTH-038 - Check Upgrade Guest to Registered Account (Duration: 266ms)
  Description: Test authentication flows, biometric security, and session management for check upgrade guest to registered account.
[2026-08-06T17:38:59.927Z] [PASS] [Authentication Testing] TC-AUTH-039 - Validate Data Privacy Consent Check (Duration: 345ms)
  Description: Test authentication flows, biometric security, and session management for validate data privacy consent check.
[2026-08-06T17:38:59.944Z] [PASS] [Authentication Testing] TC-AUTH-040 - Verify Terms of Service Accept Gate (Duration: 197ms)
  Description: Test authentication flows, biometric security, and session management for verify terms of service accept gate.
[2026-08-06T17:38:59.977Z] [PASS] [Authentication Testing] TC-AUTH-041 - Check User Role Permissions (Patient vs Doctor) (Duration: 186ms)
  Description: Test authentication flows, biometric security, and session management for check user role permissions (patient vs doctor).
[2026-08-06T17:38:59.986Z] [PASS] [Authentication Testing] TC-AUTH-042 - Validate Admin Portal Access Restrict (Duration: 341ms)
  Description: Test authentication flows, biometric security, and session management for validate admin portal access restrict.
[2026-08-06T17:39:00.011Z] [PASS] [Authentication Testing] TC-AUTH-043 - Verify Account Recovery via Security Email (Duration: 433ms)
  Description: Test authentication flows, biometric security, and session management for verify account recovery via security email.
[2026-08-06T17:39:00.045Z] [PASS] [Authentication Testing] TC-AUTH-044 - Check Identity Verification Document Upload (Duration: 474ms)
  Description: Test authentication flows, biometric security, and session management for check identity verification document upload.
[2026-08-06T17:39:00.061Z] [PASS] [Authentication Testing] TC-AUTH-045 - Validate Passkey Login Prompt (Duration: 449ms)
  Description: Test authentication flows, biometric security, and session management for validate passkey login prompt.
[2026-08-06T17:39:00.094Z] [PASS] [Authentication Testing] TC-AUTH-046 - Verify Biometric Prompt Cancellation Handling (Duration: 182ms)
  Description: Test authentication flows, biometric security, and session management for verify biometric prompt cancellation handling.
[2026-08-06T17:39:00.112Z] [PASS] [Authentication Testing] TC-AUTH-047 - Check Token Cleared on App Uninstall/Reinstall (Duration: 478ms)
  Description: Test authentication flows, biometric security, and session management for check token cleared on app uninstall/reinstall.
[2026-08-06T17:39:00.144Z] [PASS] [Authentication Testing] TC-AUTH-048 - Validate Auth Header Injection (Duration: 456ms)
  Description: Test authentication flows, biometric security, and session management for validate auth header injection.
[2026-08-06T17:39:00.161Z] [PASS] [Authentication Testing] TC-AUTH-049 - Verify SSL Pinning Gate on Auth Endpoint (Duration: 386ms)
  Description: Test authentication flows, biometric security, and session management for verify ssl pinning gate on auth endpoint.
[2026-08-06T17:39:00.176Z] [PASS] [Authentication Testing] TC-AUTH-050 - Check Rate Limiting Warning on Auth API (Duration: 428ms)
  Description: Test authentication flows, biometric security, and session management for check rate limiting warning on auth api.
[2026-08-06T17:39:00.195Z] [PASS] [Medical Records Testing] TC-MED-001 - Verify Add New Prescription Record (Duration: 390ms)
  Description: Test health record management, EHR integrations, and data validation for verify add new prescription record.
[2026-08-06T17:39:00.218Z] [PASS] [Medical Records Testing] TC-MED-002 - Validate Prescription Dosage Unit Selector (Duration: 311ms)
  Description: Test health record management, EHR integrations, and data validation for validate prescription dosage unit selector.
[2026-08-06T17:39:00.234Z] [PASS] [Medical Records Testing] TC-MED-003 - Check Doctor Name Search Autocomplete (Duration: 310ms)
  Description: Test health record management, EHR integrations, and data validation for check doctor name search autocomplete.
[2026-08-06T17:39:00.261Z] [PASS] [Medical Records Testing] TC-MED-004 - Verify Edit Existing Medical Note (Duration: 190ms)
  Description: Test health record management, EHR integrations, and data validation for verify edit existing medical note.
[2026-08-06T17:39:00.278Z] [PASS] [Medical Records Testing] TC-MED-005 - Check Delete Record Confirmation Modal (Duration: 279ms)
  Description: Test health record management, EHR integrations, and data validation for check delete record confirmation modal.
[2026-08-06T17:39:00.294Z] [PASS] [Medical Records Testing] TC-MED-006 - Validate Lab Test Result Value Validation (Duration: 404ms)
  Description: Test health record management, EHR integrations, and data validation for validate lab test result value validation.
[2026-08-06T17:39:00.311Z] [PASS] [Medical Records Testing] TC-MED-007 - Verify Blood Pressure Reading Log (Systolic/Diastolic) (Duration: 155ms)
  Description: Test health record management, EHR integrations, and data validation for verify blood pressure reading log (systolic/diastolic).
[2026-08-06T17:39:00.341Z] [PASS] [Medical Records Testing] TC-MED-008 - Check Glucose Level Tag (Fasting vs Post-Meal) (Duration: 154ms)
  Description: Test health record management, EHR integrations, and data validation for check glucose level tag (fasting vs post-meal).
[2026-08-06T17:39:00.366Z] [PASS] [Medical Records Testing] TC-MED-009 - Validate Cholesterol Sub-types (HDL/LDL) (Duration: 257ms)
  Description: Test health record management, EHR integrations, and data validation for validate cholesterol sub-types (hdl/ldl).
[2026-08-06T17:39:00.382Z] [PASS] [Medical Records Testing] TC-MED-010 - Verify Heart Rate ECG Graph Generation (Duration: 393ms)
  Description: Test health record management, EHR integrations, and data validation for verify heart rate ecg graph generation.
[2026-08-06T17:39:00.399Z] [PASS] [Medical Records Testing] TC-MED-011 - Check Body Temperature Scale Toggle (C/F) (Duration: 467ms)
  Description: Test health record management, EHR integrations, and data validation for check body temperature scale toggle (c/f).
[2026-08-06T17:39:00.414Z] [PASS] [Medical Records Testing] TC-MED-012 - Validate Oxygen Saturation (SpO2) Range Warning (Duration: 262ms)
  Description: Test health record management, EHR integrations, and data validation for validate oxygen saturation (spo2) range warning.
[2026-08-06T17:39:00.444Z] [PASS] [Medical Records Testing] TC-MED-013 - Verify Medical Attachment File Upload (PDF) (Duration: 192ms)
  Description: Test health record management, EHR integrations, and data validation for verify medical attachment file upload (pdf).
[2026-08-06T17:39:00.461Z] [PASS] [Medical Records Testing] TC-MED-014 - Check Medical Attachment Image Preview (Duration: 424ms)
  Description: Test health record management, EHR integrations, and data validation for check medical attachment image preview.
[2026-08-06T17:39:00.483Z] [PASS] [Medical Records Testing] TC-MED-015 - Validate PDF Encryption Key Generation (Duration: 412ms)
  Description: Test health record management, EHR integrations, and data validation for validate pdf encryption key generation.
[2026-08-06T17:39:00.498Z] [PASS] [Medical Records Testing] TC-MED-016 - Verify Record Date Sorting (Newest First) (Duration: 137ms)
  Description: Test health record management, EHR integrations, and data validation for verify record date sorting (newest first).
[2026-08-06T17:39:00.515Z] [PASS] [Medical Records Testing] TC-MED-017 - Check Category Filter (Cardiology, Neurology, etc.) (Duration: 207ms)
  Description: Test health record management, EHR integrations, and data validation for check category filter (cardiology, neurology, etc.).
[2026-08-06T17:39:00.533Z] [PASS] [Medical Records Testing] TC-MED-018 - Validate Full-Text Record Keyword Search (Duration: 435ms)
  Description: Test health record management, EHR integrations, and data validation for validate full-text record keyword search.
[2026-08-06T17:39:00.549Z] [PASS] [Medical Records Testing] TC-MED-019 - Verify Export Health Summary to PDF (Duration: 244ms)
  Description: Test health record management, EHR integrations, and data validation for verify export health summary to pdf.
[2026-08-06T17:39:00.583Z] [PASS] [Medical Records Testing] TC-MED-020 - Check Export Record Data to Encrypted Zip (Duration: 432ms)
  Description: Test health record management, EHR integrations, and data validation for check export record data to encrypted zip.
[2026-08-06T17:39:00.609Z] [PASS] [Medical Records Testing] TC-MED-021 - Validate Share Record via Secure Doctor Portal (Duration: 411ms)
  Description: Test health record management, EHR integrations, and data validation for validate share record via secure doctor portal.
[2026-08-06T17:39:00.633Z] [PASS] [Medical Records Testing] TC-MED-022 - Verify Medical History Timeline Visualization (Duration: 322ms)
  Description: Test health record management, EHR integrations, and data validation for verify medical history timeline visualization.
[2026-08-06T17:39:00.664Z] [PASS] [Medical Records Testing] TC-MED-023 - Check Chronic Condition Tagging (Duration: 285ms)
  Description: Test health record management, EHR integrations, and data validation for check chronic condition tagging.
[2026-08-06T17:39:00.683Z] [PASS] [Medical Records Testing] TC-MED-024 - Validate Surgical History Entry (Duration: 255ms)
  Description: Test health record management, EHR integrations, and data validation for validate surgical history entry.
[2026-08-06T17:39:00.695Z] [PASS] [Medical Records Testing] TC-MED-025 - Verify Vaccination Passport QR Code Generator (Duration: 219ms)
  Description: Test health record management, EHR integrations, and data validation for verify vaccination passport qr code generator.
[2026-08-06T17:39:00.718Z] [PASS] [Medical Records Testing] TC-MED-026 - Check Allergy Severity Classification (Duration: 226ms)
  Description: Test health record management, EHR integrations, and data validation for check allergy severity classification.
[2026-08-06T17:39:00.749Z] [PASS] [Medical Records Testing] TC-MED-027 - Validate Family Medical History Tree Input (Duration: 141ms)
  Description: Test health record management, EHR integrations, and data validation for validate family medical history tree input.
[2026-08-06T17:39:00.779Z] [PASS] [Medical Records Testing] TC-MED-028 - Verify Vital Signs Normal Range Indicators (Duration: 466ms)
  Description: Test health record management, EHR integrations, and data validation for verify vital signs normal range indicators.
[2026-08-06T17:39:00.795Z] [PASS] [Medical Records Testing] TC-MED-029 - Check Abnormal Test Value Highlight (Red Flag) (Duration: 137ms)
  Description: Test health record management, EHR integrations, and data validation for check abnormal test value highlight (red flag).
[2026-08-06T17:39:00.832Z] [PASS] [Medical Records Testing] TC-MED-030 - Validate Provider NPI Identifier Lookup (Duration: 393ms)
  Description: Test health record management, EHR integrations, and data validation for validate provider npi identifier lookup.
[2026-08-06T17:39:00.850Z] [PASS] [Medical Records Testing] TC-MED-031 - Verify Pharmacy Contact Detail Association (Duration: 441ms)
  Description: Test health record management, EHR integrations, and data validation for verify pharmacy contact detail association.
[2026-08-06T17:39:00.865Z] [PASS] [Medical Records Testing] TC-MED-032 - Check Refill Request History Tracker (Duration: 488ms)
  Description: Test health record management, EHR integrations, and data validation for check refill request history tracker.
[2026-08-06T17:39:00.897Z] [PASS] [Medical Records Testing] TC-MED-033 - Validate Medication Interaction Warning Alert (Duration: 350ms)
  Description: Test health record management, EHR integrations, and data validation for validate medication interaction warning alert.
[2026-08-06T17:39:00.913Z] [PASS] [Medical Records Testing] TC-MED-034 - Verify Multi-Page Medical Document Stitching (Duration: 477ms)
  Description: Test health record management, EHR integrations, and data validation for verify multi-page medical document stitching.
[2026-08-06T17:39:00.928Z] [PASS] [Medical Records Testing] TC-MED-035 - Check Record Archival & Restore (Duration: 467ms)
  Description: Test health record management, EHR integrations, and data validation for check record archival & restore.
[2026-08-06T17:39:00.949Z] [PASS] [Medical Records Testing] TC-MED-036 - Validate Offline Medical Data Cache (Duration: 411ms)
  Description: Test health record management, EHR integrations, and data validation for validate offline medical data cache.
[2026-08-06T17:39:00.966Z] [PASS] [Medical Records Testing] TC-MED-037 - Verify Record Sync with Health Connect / Google Fit (Duration: 402ms)
  Description: Test health record management, EHR integrations, and data validation for verify record sync with health connect / google fit.
[2026-08-06T17:39:00.995Z] [PASS] [Medical Records Testing] TC-MED-038 - Check FHIR Data Format Standard Export (Duration: 398ms)
  Description: Test health record management, EHR integrations, and data validation for check fhir data format standard export.
[2026-08-06T17:39:01.015Z] [PASS] [Medical Records Testing] TC-MED-039 - Validate HL7 Message Parser (Duration: 299ms)
  Description: Test health record management, EHR integrations, and data validation for validate hl7 message parser.
[2026-08-06T17:39:01.031Z] [PASS] [Medical Records Testing] TC-MED-040 - Verify ICD-10 Code Auto-suggest (Duration: 162ms)
  Description: Test health record management, EHR integrations, and data validation for verify icd-10 code auto-suggest.
[2026-08-06T17:39:01.047Z] [PASS] [Medical Records Testing] TC-MED-041 - Check Symptom Intensity Scale (1-10) (Duration: 134ms)
  Description: Test health record management, EHR integrations, and data validation for check symptom intensity scale (1-10).
[2026-08-06T17:39:01.061Z] [PASS] [Medical Records Testing] TC-MED-042 - Validate Diagnostic Image Viewer Zoom (Duration: 398ms)
  Description: Test health record management, EHR integrations, and data validation for validate diagnostic image viewer zoom.
[2026-08-06T17:39:01.095Z] [PASS] [Medical Records Testing] TC-MED-043 - Verify Radiology Report Tagging (Duration: 476ms)
  Description: Test health record management, EHR integrations, and data validation for verify radiology report tagging.
[2026-08-06T17:39:01.111Z] [PASS] [Medical Records Testing] TC-MED-044 - Check Emergency Medical ID Card Rendering (Duration: 149ms)
  Description: Test health record management, EHR integrations, and data validation for check emergency medical id card rendering.
[2026-08-06T17:39:01.144Z] [PASS] [Medical Records Testing] TC-MED-045 - Validate Lock Record with Secondary PIN (Duration: 471ms)
  Description: Test health record management, EHR integrations, and data validation for validate lock record with secondary pin.
[2026-08-06T17:39:01.178Z] [PASS] [Medical Records Testing] TC-MED-046 - Verify Audit Trail for Medical Data Access (Duration: 138ms)
  Description: Test health record management, EHR integrations, and data validation for verify audit trail for medical data access.
[2026-08-06T17:39:01.199Z] [PASS] [Medical Records Testing] TC-MED-047 - Check Doctor Signature Verification (Duration: 473ms)
  Description: Test health record management, EHR integrations, and data validation for check doctor signature verification.
[2026-08-06T17:39:01.217Z] [PASS] [Medical Records Testing] TC-MED-048 - Validate Medical Record Tag Management (Duration: 282ms)
  Description: Test health record management, EHR integrations, and data validation for validate medical record tag management.
[2026-08-06T17:39:01.245Z] [PASS] [Medical Records Testing] TC-MED-049 - Verify Record Duplicate Warning (Duration: 372ms)
  Description: Test health record management, EHR integrations, and data validation for verify record duplicate warning.
[2026-08-06T17:39:01.261Z] [PASS] [Medical Records Testing] TC-MED-050 - Check Cloud Backup Integrity Check sum (Duration: 253ms)
  Description: Test health record management, EHR integrations, and data validation for check cloud backup integrity check sum.
[2026-08-06T17:39:01.283Z] [PASS] [Reminder Testing] TC-REM-001 - Verify Create Daily Medication Reminder (Duration: 277ms)
  Description: Validate local notifications, scheduled background tasks, and alerts for verify create daily medication reminder.
[2026-08-06T17:39:01.311Z] [PASS] [Reminder Testing] TC-REM-002 - Validate Multi-Frequency Alarm Selection (Duration: 397ms)
  Description: Validate local notifications, scheduled background tasks, and alerts for validate multi-frequency alarm selection.
[2026-08-06T17:39:01.333Z] [PASS] [Reminder Testing] TC-REM-003 - Check Custom Reminder Sound Chooser (Duration: 398ms)
  Description: Validate local notifications, scheduled background tasks, and alerts for check custom reminder sound chooser.
[2026-08-06T17:39:01.363Z] [PASS] [Reminder Testing] TC-REM-004 - Verify Snooze Button (5 min, 10 min, 15 min) (Duration: 255ms)
  Description: Validate local notifications, scheduled background tasks, and alerts for verify snooze button (5 min, 10 min, 15 min).
[2026-08-06T17:39:01.379Z] [PASS] [Reminder Testing] TC-REM-005 - Check Take Medicine Action Button on Push Alert (Duration: 375ms)
  Description: Validate local notifications, scheduled background tasks, and alerts for check take medicine action button on push alert.
[2026-08-06T17:39:01.400Z] [PASS] [Reminder Testing] TC-REM-006 - Validate Skip Pill Action with Reason Log (Duration: 430ms)
  Description: Validate local notifications, scheduled background tasks, and alerts for validate skip pill action with reason log.
[2026-08-06T17:39:01.416Z] [PASS] [Reminder Testing] TC-REM-007 - Verify Refill Alert when Inventory falls below 5 Pills (Duration: 376ms)
  Description: Validate local notifications, scheduled background tasks, and alerts for verify refill alert when inventory falls below 5 pills.
[2026-08-06T17:39:01.432Z] [PASS] [Reminder Testing] TC-REM-008 - Check Doctor Appointment Reminder 24 Hours Prior (Duration: 142ms)
  Description: Validate local notifications, scheduled background tasks, and alerts for check doctor appointment reminder 24 hours prior.
[2026-08-06T17:39:01.450Z] [PASS] [Reminder Testing] TC-REM-009 - Validate Doctor Appointment Reminder 1 Hour Prior (Duration: 364ms)
  Description: Validate local notifications, scheduled background tasks, and alerts for validate doctor appointment reminder 1 hour prior.
[2026-08-06T17:39:01.466Z] [PASS] [Reminder Testing] TC-REM-010 - Verify Water Intake Hourly Reminder Trigger (Duration: 226ms)
  Description: Validate local notifications, scheduled background tasks, and alerts for verify water intake hourly reminder trigger.
[2026-08-06T17:39:01.482Z] [PASS] [Reminder Testing] TC-REM-011 - Check Blood Pressure Measurement Alarm (Duration: 306ms)
  Description: Validate local notifications, scheduled background tasks, and alerts for check blood pressure measurement alarm.
[2026-08-06T17:39:01.500Z] [PASS] [Reminder Testing] TC-REM-012 - Validate Glucose Check Reminder Post-Meal (Duration: 333ms)
  Description: Validate local notifications, scheduled background tasks, and alerts for validate glucose check reminder post-meal.
[2026-08-06T17:39:01.511Z] [PASS] [Reminder Testing] TC-REM-013 - Verify Sleep Schedule Wind-down Notification (Duration: 371ms)
  Description: Validate local notifications, scheduled background tasks, and alerts for verify sleep schedule wind-down notification.
[2026-08-06T17:39:01.528Z] [PASS] [Reminder Testing] TC-REM-014 - Check Exercise / Walk Alarm Setup (Duration: 384ms)
  Description: Validate local notifications, scheduled background tasks, and alerts for check exercise / walk alarm setup.
[2026-08-06T17:39:01.545Z] [PASS] [Reminder Testing] TC-REM-015 - Validate Repeat Schedule (Mon-Fri vs Weekends) (Duration: 244ms)
  Description: Validate local notifications, scheduled background tasks, and alerts for validate repeat schedule (mon-fri vs weekends).
[2026-08-06T17:39:01.567Z] [PASS] [Reminder Testing] TC-REM-016 - Verify Custom Date Range for Antibiotic Course (Duration: 243ms)
  Description: Validate local notifications, scheduled background tasks, and alerts for verify custom date range for antibiotic course.
[2026-08-06T17:39:01.578Z] [PASS] [Reminder Testing] TC-REM-017 - Check Missed Dose Auto-Log Entry (Duration: 302ms)
  Description: Validate local notifications, scheduled background tasks, and alerts for check missed dose auto-log entry.
[2026-08-06T17:39:01.595Z] [PASS] [Reminder Testing] TC-REM-018 - Validate Reminder History Calendar View (Duration: 359ms)
  Description: Validate local notifications, scheduled background tasks, and alerts for validate reminder history calendar view.
[2026-08-06T17:39:01.617Z] [PASS] [Reminder Testing] TC-REM-019 - Verify Silent Mode Override for Critical Alarms (Duration: 374ms)
  Description: Validate local notifications, scheduled background tasks, and alerts for verify silent mode override for critical alarms.
[2026-08-06T17:39:01.632Z] [PASS] [Reminder Testing] TC-REM-020 - Check Vibration Pattern Selector (Duration: 389ms)
  Description: Validate local notifications, scheduled background tasks, and alerts for check vibration pattern selector.
[2026-08-06T17:39:01.653Z] [PASS] [Reminder Testing] TC-REM-021 - Validate Timezone Change Alarm Reschedule (Duration: 244ms)
  Description: Validate local notifications, scheduled background tasks, and alerts for validate timezone change alarm reschedule.
[2026-08-06T17:39:01.666Z] [PASS] [Reminder Testing] TC-REM-022 - Verify Daylight Savings Time Adjust (Duration: 391ms)
  Description: Validate local notifications, scheduled background tasks, and alerts for verify daylight savings time adjust.
[2026-08-06T17:39:01.694Z] [PASS] [Reminder Testing] TC-REM-023 - Check Device Restart Alarm Reschedule Broadcast (Duration: 156ms)
  Description: Validate local notifications, scheduled background tasks, and alerts for check device restart alarm reschedule broadcast.
[2026-08-06T17:39:01.711Z] [PASS] [Reminder Testing] TC-REM-024 - Validate Alarm Manager Exact Time Permission Gate (Duration: 227ms)
  Description: Validate local notifications, scheduled background tasks, and alerts for validate alarm manager exact time permission gate.
[2026-08-06T17:39:01.745Z] [PASS] [Reminder Testing] TC-REM-025 - Verify Notification Badge Counter Increment (Duration: 437ms)
  Description: Validate local notifications, scheduled background tasks, and alerts for verify notification badge counter increment.
[2026-08-06T17:39:01.762Z] [PASS] [Reminder Testing] TC-REM-026 - Check Notification Grouping by Category (Duration: 347ms)
  Description: Validate local notifications, scheduled background tasks, and alerts for check notification grouping by category.
[2026-08-06T17:39:01.795Z] [PASS] [Reminder Testing] TC-REM-027 - Validate Dismiss All Active Reminders Action (Duration: 328ms)
  Description: Validate local notifications, scheduled background tasks, and alerts for validate dismiss all active reminders action.
[2026-08-06T17:39:01.811Z] [PASS] [Reminder Testing] TC-REM-028 - Verify Quick Add Reminder from Home Screen Widget (Duration: 261ms)
  Description: Validate local notifications, scheduled background tasks, and alerts for verify quick add reminder from home screen widget.
[2026-08-06T17:39:01.845Z] [PASS] [Reminder Testing] TC-REM-029 - Check Pill Count Increment after Confirmed Intake (Duration: 186ms)
  Description: Validate local notifications, scheduled background tasks, and alerts for check pill count increment after confirmed intake.
[2026-08-06T17:39:01.861Z] [PASS] [Reminder Testing] TC-REM-030 - Validate Medication Stock Calculation (Duration: 135ms)
  Description: Validate local notifications, scheduled background tasks, and alerts for validate medication stock calculation.
[2026-08-06T17:39:01.878Z] [PASS] [Reminder Testing] TC-REM-031 - Verify Doctor Consultation Follow-up Alert (Duration: 403ms)
  Description: Validate local notifications, scheduled background tasks, and alerts for verify doctor consultation follow-up alert.
[2026-08-06T17:39:01.895Z] [PASS] [Reminder Testing] TC-REM-032 - Check Vaccine Booster Shot Reminder (Duration: 402ms)
  Description: Validate local notifications, scheduled background tasks, and alerts for check vaccine booster shot reminder.
[2026-08-06T17:39:01.918Z] [PASS] [Reminder Testing] TC-REM-033 - Validate Lab Test Fasting Reminder (Duration: 131ms)
  Description: Validate local notifications, scheduled background tasks, and alerts for validate lab test fasting reminder.
[2026-08-06T17:39:01.944Z] [PASS] [Reminder Testing] TC-REM-034 - Verify Hydration Goal Completion Alert (Duration: 348ms)
  Description: Validate local notifications, scheduled background tasks, and alerts for verify hydration goal completion alert.
[2026-08-06T17:39:01.962Z] [PASS] [Reminder Testing] TC-REM-035 - Check Custom Text Note in Push Payload (Duration: 367ms)
  Description: Validate local notifications, scheduled background tasks, and alerts for check custom text note in push payload.
[2026-08-06T17:39:01.986Z] [PASS] [Reminder Testing] TC-REM-036 - Validate Caregiver Notification on Missed Dose (Duration: 355ms)
  Description: Validate local notifications, scheduled background tasks, and alerts for validate caregiver notification on missed dose.
[2026-08-06T17:39:02.018Z] [PASS] [Reminder Testing] TC-REM-037 - Verify Wearable Smartwatch Alarm Sync (Duration: 156ms)
  Description: Validate local notifications, scheduled background tasks, and alerts for verify wearable smartwatch alarm sync.
[2026-08-06T17:39:02.049Z] [PASS] [Reminder Testing] TC-REM-038 - Check Alarm Dismissal Verification Lock (Duration: 391ms)
  Description: Validate local notifications, scheduled background tasks, and alerts for check alarm dismissal verification lock.
[2026-08-06T17:39:02.072Z] [PASS] [Reminder Testing] TC-REM-039 - Validate Multiple Medication Combined Alarm (Duration: 131ms)
  Description: Validate local notifications, scheduled background tasks, and alerts for validate multiple medication combined alarm.
[2026-08-06T17:39:02.083Z] [PASS] [Reminder Testing] TC-REM-040 - Verify Post-Surgery Recovery Checklist Alarm (Duration: 203ms)
  Description: Validate local notifications, scheduled background tasks, and alerts for verify post-surgery recovery checklist alarm.
[2026-08-06T17:39:02.098Z] [PASS] [Reminder Testing] TC-REM-041 - Check Prescription Expiration Alert (Duration: 367ms)
  Description: Validate local notifications, scheduled background tasks, and alerts for check prescription expiration alert.
[2026-08-06T17:39:02.114Z] [PASS] [Reminder Testing] TC-REM-042 - Validate Daily Health Survey Push Prompt (Duration: 167ms)
  Description: Validate local notifications, scheduled background tasks, and alerts for validate daily health survey push prompt.
[2026-08-06T17:39:02.129Z] [PASS] [Reminder Testing] TC-REM-043 - Verify Snooze Limit Max Threshold (Duration: 374ms)
  Description: Validate local notifications, scheduled background tasks, and alerts for verify snooze limit max threshold.
[2026-08-06T17:39:02.161Z] [PASS] [Reminder Testing] TC-REM-044 - Check Recurring Alarm End-Date Expiration (Duration: 259ms)
  Description: Validate local notifications, scheduled background tasks, and alerts for check recurring alarm end-date expiration.
[2026-08-06T17:39:02.177Z] [PASS] [Reminder Testing] TC-REM-045 - Validate Quiet Hours / Do Not Disturb Exception (Duration: 416ms)
  Description: Validate local notifications, scheduled background tasks, and alerts for validate quiet hours / do not disturb exception.
[2026-08-06T17:39:02.194Z] [PASS] [Reminder Testing] TC-REM-046 - Verify Reminder Audio Fade-In Effect (Duration: 139ms)
  Description: Validate local notifications, scheduled background tasks, and alerts for verify reminder audio fade-in effect.
[2026-08-06T17:39:02.211Z] [PASS] [Reminder Testing] TC-REM-047 - Check Battery Optimization Whitelist Gate for Alarms (Duration: 320ms)
  Description: Validate local notifications, scheduled background tasks, and alerts for check battery optimization whitelist gate for alarms.
[2026-08-06T17:39:02.243Z] [PASS] [Reminder Testing] TC-REM-048 - Validate In-App Banner Alarm Alert (Duration: 434ms)
  Description: Validate local notifications, scheduled background tasks, and alerts for validate in-app banner alarm alert.
[2026-08-06T17:39:02.278Z] [PASS] [Reminder Testing] TC-REM-049 - Verify Reminder Color Coding by Urgency (Duration: 238ms)
  Description: Validate local notifications, scheduled background tasks, and alerts for verify reminder color coding by urgency.
[2026-08-06T17:39:02.295Z] [PASS] [Reminder Testing] TC-REM-050 - Check Export Alarm Schedule to iCal / Google Calendar (Duration: 123ms)
  Description: Validate local notifications, scheduled background tasks, and alerts for check export alarm schedule to ical / google calendar.
[2026-08-06T17:39:02.310Z] [PASS] [AI Hub Testing] TC-AI-001 - Verify AI Symptom Checker Initialization (Duration: 376ms)
  Description: Validate AI symptom analysis, NLP medical insights, and assistant workflows for verify ai symptom checker initialization.
[2026-08-06T17:39:02.328Z] [PASS] [AI Hub Testing] TC-AI-002 - Validate Symptom Search Prompt Parsing (Duration: 434ms)
  Description: Validate AI symptom analysis, NLP medical insights, and assistant workflows for validate symptom search prompt parsing.
[2026-08-06T17:39:02.344Z] [PASS] [AI Hub Testing] TC-AI-003 - Check Multi-Symptom Correlation Processing (Duration: 169ms)
  Description: Validate AI symptom analysis, NLP medical insights, and assistant workflows for check multi-symptom correlation processing.
[2026-08-06T17:39:02.363Z] [PASS] [AI Hub Testing] TC-AI-004 - Verify AI Risk Assessment Classification (Low, Med, High) (Duration: 208ms)
  Description: Validate AI symptom analysis, NLP medical insights, and assistant workflows for verify ai risk assessment classification (low, med, high).
[2026-08-06T17:39:02.379Z] [PASS] [AI Hub Testing] TC-AI-005 - Check Triage Recommendation Output (Self-Care vs Emergency) (Duration: 335ms)
  Description: Validate AI symptom analysis, NLP medical insights, and assistant workflows for check triage recommendation output (self-care vs emergency).
[2026-08-06T17:39:02.412Z] [PASS] [AI Hub Testing] TC-AI-006 - Validate AI Chatbot Quick Suggestion Chips (Duration: 419ms)
  Description: Validate AI symptom analysis, NLP medical insights, and assistant workflows for validate ai chatbot quick suggestion chips.
[2026-08-06T17:39:02.444Z] [PASS] [AI Hub Testing] TC-AI-007 - Verify Voice-to-Text Symptom Query Input (Duration: 205ms)
  Description: Validate AI symptom analysis, NLP medical insights, and assistant workflows for verify voice-to-text symptom query input.
[2026-08-06T17:39:02.477Z] [PASS] [AI Hub Testing] TC-AI-008 - Check AI Health Summary Insight Generation (Duration: 183ms)
  Description: Validate AI symptom analysis, NLP medical insights, and assistant workflows for check ai health summary insight generation.
[2026-08-06T17:39:02.494Z] [PASS] [AI Hub Testing] TC-AI-009 - Validate Personalized Wellness Advice Model Response (Duration: 339ms)
  Description: Validate AI symptom analysis, NLP medical insights, and assistant workflows for validate personalized wellness advice model response.
[2026-08-06T17:39:02.528Z] [PASS] [AI Hub Testing] TC-AI-010 - Verify Medication Side Effect Query Processing (Duration: 517ms)
  Description: Validate AI symptom analysis, NLP medical insights, and assistant workflows for verify medication side effect query processing.
[2026-08-06T17:39:02.543Z] [PASS] [AI Hub Testing] TC-AI-011 - Check Drug-Drug Interaction AI Alert (Duration: 541ms)
  Description: Validate AI symptom analysis, NLP medical insights, and assistant workflows for check drug-drug interaction ai alert.
[2026-08-06T17:39:02.560Z] [PASS] [AI Hub Testing] TC-AI-012 - Validate Diet & Nutrition AI Meal Plan Generator (Duration: 452ms)
  Description: Validate AI symptom analysis, NLP medical insights, and assistant workflows for validate diet & nutrition ai meal plan generator.
[2026-08-06T17:39:02.577Z] [PASS] [AI Hub Testing] TC-AI-013 - Verify Sleep Quality AI Analysis & Score (Duration: 267ms)
  Description: Validate AI symptom analysis, NLP medical insights, and assistant workflows for verify sleep quality ai analysis & score.
[2026-08-06T17:39:02.612Z] [PASS] [AI Hub Testing] TC-AI-014 - Check Stress & Anxiety AI Assessment Survey (Duration: 532ms)
  Description: Validate AI symptom analysis, NLP medical insights, and assistant workflows for check stress & anxiety ai assessment survey.
[2026-08-06T17:39:02.628Z] [PASS] [AI Hub Testing] TC-AI-015 - Validate AI Medical Jargon Translator to Simple Terms (Duration: 185ms)
  Description: Validate AI symptom analysis, NLP medical insights, and assistant workflows for validate ai medical jargon translator to simple terms.
[2026-08-06T17:39:02.643Z] [PASS] [AI Hub Testing] TC-AI-016 - Verify Conversation History Save in Local Database (Duration: 221ms)
  Description: Validate AI symptom analysis, NLP medical insights, and assistant workflows for verify conversation history save in local database.
[2026-08-06T17:39:02.662Z] [PASS] [AI Hub Testing] TC-AI-017 - Check Clear Conversation History Action (Duration: 560ms)
  Description: Validate AI symptom analysis, NLP medical insights, and assistant workflows for check clear conversation history action.
[2026-08-06T17:39:02.678Z] [PASS] [AI Hub Testing] TC-AI-018 - Validate AI Response Streaming Token Effect (Duration: 210ms)
  Description: Validate AI symptom analysis, NLP medical insights, and assistant workflows for validate ai response streaming token effect.
[2026-08-06T17:39:02.712Z] [PASS] [AI Hub Testing] TC-AI-019 - Verify Offline AI Model Fallback Advice (Duration: 223ms)
  Description: Validate AI symptom analysis, NLP medical insights, and assistant workflows for verify offline ai model fallback advice.
[2026-08-06T17:39:02.728Z] [PASS] [AI Hub Testing] TC-AI-020 - Check AI Citation Disclaimer Banner Visibility (Duration: 230ms)
  Description: Validate AI symptom analysis, NLP medical insights, and assistant workflows for check ai citation disclaimer banner visibility.
[2026-08-06T17:39:02.761Z] [PASS] [AI Hub Testing] TC-AI-021 - Validate Medical Emergency Trigger Word Guardrail (Duration: 495ms)
  Description: Validate AI symptom analysis, NLP medical insights, and assistant workflows for validate medical emergency trigger word guardrail.
[2026-08-06T17:39:02.777Z] [PASS] [AI Hub Testing] TC-AI-022 - Verify 911 / Emergency Hotline Quick Dial Launcher (Duration: 525ms)
  Description: Validate AI symptom analysis, NLP medical insights, and assistant workflows for verify 911 / emergency hotline quick dial launcher.
[2026-08-06T17:39:02.794Z] [PASS] [AI Hub Testing] TC-AI-023 - Check AI Confidence Score Rendering (Duration: 439ms)
  Description: Validate AI symptom analysis, NLP medical insights, and assistant workflows for check ai confidence score rendering.
[2026-08-06T17:39:02.811Z] [PASS] [AI Hub Testing] TC-AI-024 - Validate User Feedback Upvote/Downvote on AI Answer (Duration: 310ms)
  Description: Validate AI symptom analysis, NLP medical insights, and assistant workflows for validate user feedback upvote/downvote on ai answer.
[2026-08-06T17:39:02.828Z] [PASS] [AI Hub Testing] TC-AI-025 - Verify Regenerate AI Answer Action (Duration: 281ms)
  Description: Validate AI symptom analysis, NLP medical insights, and assistant workflows for verify regenerate ai answer action.
[2026-08-06T17:39:02.845Z] [PASS] [AI Hub Testing] TC-AI-026 - Check Prompt Context Memory Limit Test (Duration: 475ms)
  Description: Validate AI symptom analysis, NLP medical insights, and assistant workflows for check prompt context memory limit test.
[2026-08-06T17:39:02.877Z] [PASS] [AI Hub Testing] TC-AI-027 - Validate AI Health Metric Trend Forecasting (Duration: 415ms)
  Description: Validate AI symptom analysis, NLP medical insights, and assistant workflows for validate ai health metric trend forecasting.
[2026-08-06T17:39:02.911Z] [PASS] [AI Hub Testing] TC-AI-028 - Verify Blood Pressure Anomaly Detection Alert (Duration: 560ms)
  Description: Validate AI symptom analysis, NLP medical insights, and assistant workflows for verify blood pressure anomaly detection alert.
[2026-08-06T17:39:02.928Z] [PASS] [AI Hub Testing] TC-AI-029 - Check Glucose Trend AI Prediction Graph (Duration: 291ms)
  Description: Validate AI symptom analysis, NLP medical insights, and assistant workflows for check glucose trend ai prediction graph.
[2026-08-06T17:39:02.944Z] [PASS] [AI Hub Testing] TC-AI-030 - Validate Heart Rate Variability AI Insight (Duration: 298ms)
  Description: Validate AI symptom analysis, NLP medical insights, and assistant workflows for validate heart rate variability ai insight.
[2026-08-06T17:39:02.961Z] [PASS] [AI Hub Testing] TC-AI-031 - Verify AI Medical Specialist Referral Recommendation (Duration: 424ms)
  Description: Validate AI symptom analysis, NLP medical insights, and assistant workflows for verify ai medical specialist referral recommendation.
[2026-08-06T17:39:02.978Z] [PASS] [AI Hub Testing] TC-AI-032 - Check Symptom Duration Slider Context (Duration: 356ms)
  Description: Validate AI symptom analysis, NLP medical insights, and assistant workflows for check symptom duration slider context.
[2026-08-06T17:39:02.995Z] [PASS] [AI Hub Testing] TC-AI-033 - Validate Body Location Selector (3D Body Map) (Duration: 245ms)
  Description: Validate AI symptom analysis, NLP medical insights, and assistant workflows for validate body location selector (3d body map).
[2026-08-06T17:39:03.026Z] [PASS] [AI Hub Testing] TC-AI-034 - Verify Pediatric Symptom Guardrail Mode (Duration: 344ms)
  Description: Validate AI symptom analysis, NLP medical insights, and assistant workflows for verify pediatric symptom guardrail mode.
[2026-08-06T17:39:03.043Z] [PASS] [AI Hub Testing] TC-AI-035 - Check Geriatric Health AI Prompt Customization (Duration: 307ms)
  Description: Validate AI symptom analysis, NLP medical insights, and assistant workflows for check geriatric health ai prompt customization.
[2026-08-06T17:39:03.060Z] [PASS] [AI Hub Testing] TC-AI-036 - Validate Allergy Warning Injection into AI Context (Duration: 351ms)
  Description: Validate AI symptom analysis, NLP medical insights, and assistant workflows for validate allergy warning injection into ai context.
[2026-08-06T17:39:03.091Z] [PASS] [AI Hub Testing] TC-AI-037 - Verify Lab Test Result AI Interpretation Prompt (Duration: 240ms)
  Description: Validate AI symptom analysis, NLP medical insights, and assistant workflows for verify lab test result ai interpretation prompt.
[2026-08-06T17:39:03.108Z] [PASS] [AI Hub Testing] TC-AI-038 - Check Doctor Note Summarization by AI Engine (Duration: 213ms)
  Description: Validate AI symptom analysis, NLP medical insights, and assistant workflows for check doctor note summarization by ai engine.
[2026-08-06T17:39:03.129Z] [PASS] [AI Hub Testing] TC-AI-039 - Validate Medical Record NLP Tag Extractor (Duration: 200ms)
  Description: Validate AI symptom analysis, NLP medical insights, and assistant workflows for validate medical record nlp tag extractor.
[2026-08-06T17:39:03.144Z] [PASS] [AI Hub Testing] TC-AI-040 - Verify AI Response Copy to Clipboard Button (Duration: 528ms)
  Description: Validate AI symptom analysis, NLP medical insights, and assistant workflows for verify ai response copy to clipboard button.
[2026-08-06T17:39:03.160Z] [PASS] [AI Hub Testing] TC-AI-041 - Check AI Response Share as PDF/Image (Duration: 223ms)
  Description: Validate AI symptom analysis, NLP medical insights, and assistant workflows for check ai response share as pdf/image.
[2026-08-06T17:39:03.176Z] [PASS] [AI Hub Testing] TC-AI-042 - Validate AI Engine Switcher (Fast vs Detailed) (Duration: 560ms)
  Description: Validate AI symptom analysis, NLP medical insights, and assistant workflows for validate ai engine switcher (fast vs detailed).
[2026-08-06T17:39:03.193Z] [PASS] [AI Hub Testing] TC-AI-043 - Verify AI Token Usage Quota Meter (Duration: 464ms)
  Description: Validate AI symptom analysis, NLP medical insights, and assistant workflows for verify ai token usage quota meter.
[2026-08-06T17:39:03.228Z] [PASS] [AI Hub Testing] TC-AI-044 - Check Network Timeout Recovery in AI Chat (Duration: 537ms)
  Description: Validate AI symptom analysis, NLP medical insights, and assistant workflows for check network timeout recovery in ai chat.
[2026-08-06T17:39:03.259Z] [PASS] [AI Hub Testing] TC-AI-045 - Validate Content Moderation Filter on Harmful Queries (Duration: 190ms)
  Description: Validate AI symptom analysis, NLP medical insights, and assistant workflows for validate content moderation filter on harmful queries.
[2026-08-06T17:39:03.275Z] [PASS] [AI Hub Testing] TC-AI-046 - Verify AI Multi-Language Translation Response (Duration: 424ms)
  Description: Validate AI symptom analysis, NLP medical insights, and assistant workflows for verify ai multi-language translation response.
[2026-08-06T17:39:03.294Z] [PASS] [AI Hub Testing] TC-AI-047 - Check Voice Response Audio Synthesizer (TTS) (Duration: 307ms)
  Description: Validate AI symptom analysis, NLP medical insights, and assistant workflows for check voice response audio synthesizer (tts).
[2026-08-06T17:39:03.320Z] [PASS] [AI Hub Testing] TC-AI-048 - Validate AI Chat Message Time Stamp Formatting (Duration: 555ms)
  Description: Validate AI symptom analysis, NLP medical insights, and assistant workflows for validate ai chat message time stamp formatting.
[2026-08-06T17:39:03.350Z] [PASS] [AI Hub Testing] TC-AI-049 - Verify Related Medical Articles Recommendation (Duration: 179ms)
  Description: Validate AI symptom analysis, NLP medical insights, and assistant workflows for verify related medical articles recommendation.
[2026-08-06T17:39:03.365Z] [PASS] [AI Hub Testing] TC-AI-050 - Check AI Session Renewal on App Restart (Duration: 329ms)
  Description: Validate AI symptom analysis, NLP medical insights, and assistant workflows for check ai session renewal on app restart.
[2026-08-06T17:39:03.396Z] [PASS] [OCR Testing] TC-OCR-001 - Verify Camera Scan Initialization for Prescription (Duration: 276ms)
  Description: Validate Optical Character Recognition, document scanning, and data extraction for verify camera scan initialization for prescription.
[2026-08-06T17:39:03.428Z] [PASS] [OCR Testing] TC-OCR-002 - Validate Gallery Image Pick for OCR Scan (Duration: 553ms)
  Description: Validate Optical Character Recognition, document scanning, and data extraction for validate gallery image pick for ocr scan.
[2026-08-06T17:39:03.446Z] [PASS] [OCR Testing] TC-OCR-003 - Check OCR Bounding Box Overlay on Text Region (Duration: 308ms)
  Description: Validate Optical Character Recognition, document scanning, and data extraction for check ocr bounding box overlay on text region.
[2026-08-06T17:39:03.465Z] [PASS] [OCR Testing] TC-OCR-004 - Verify Automatic Flashlight Toggle in Low Light Scanner (Duration: 379ms)
  Description: Validate Optical Character Recognition, document scanning, and data extraction for verify automatic flashlight toggle in low light scanner.
[2026-08-06T17:39:03.481Z] [PASS] [OCR Testing] TC-OCR-005 - Check Image Auto-Crop & Perspective Correction (Duration: 280ms)
  Description: Validate Optical Character Recognition, document scanning, and data extraction for check image auto-crop & perspective correction.
[2026-08-06T17:39:03.494Z] [PASS] [OCR Testing] TC-OCR-006 - Validate Image Brightness/Contrast Enhancement Pre-filter (Duration: 217ms)
  Description: Validate Optical Character Recognition, document scanning, and data extraction for validate image brightness/contrast enhancement pre-filter.
[2026-08-06T17:39:03.502Z] [PASS] [OCR Testing] TC-OCR-007 - Verify Extraction of Patient Name from Prescription Scan (Duration: 392ms)
  Description: Validate Optical Character Recognition, document scanning, and data extraction for verify extraction of patient name from prescription scan.
[2026-08-06T17:39:03.529Z] [PASS] [OCR Testing] TC-OCR-008 - Check Extraction of Medication Name from OCR Text (Duration: 203ms)
  Description: Validate Optical Character Recognition, document scanning, and data extraction for check extraction of medication name from ocr text.
[2026-08-06T17:39:03.544Z] [PASS] [OCR Testing] TC-OCR-009 - Validate Extraction of Dosage Quantity & Unit (Duration: 336ms)
  Description: Validate Optical Character Recognition, document scanning, and data extraction for validate extraction of dosage quantity & unit.
[2026-08-06T17:39:03.572Z] [PASS] [OCR Testing] TC-OCR-010 - Verify Extraction of Refill Count & Expiry Date (Duration: 294ms)
  Description: Validate Optical Character Recognition, document scanning, and data extraction for verify extraction of refill count & expiry date.
[2026-08-06T17:39:03.603Z] [PASS] [OCR Testing] TC-OCR-011 - Check Doctor License Number OCR Extraction (Duration: 597ms)
  Description: Validate Optical Character Recognition, document scanning, and data extraction for check doctor license number ocr extraction.
[2026-08-06T17:39:03.619Z] [PASS] [OCR Testing] TC-OCR-012 - Validate Pharmacy Stamp Detection (Duration: 447ms)
  Description: Validate Optical Character Recognition, document scanning, and data extraction for validate pharmacy stamp detection.
[2026-08-06T17:39:03.633Z] [PASS] [OCR Testing] TC-OCR-013 - Verify OCR Scan on Printed Lab Test Report (Duration: 422ms)
  Description: Validate Optical Character Recognition, document scanning, and data extraction for verify ocr scan on printed lab test report.
[2026-08-06T17:39:03.661Z] [PASS] [OCR Testing] TC-OCR-014 - Check Lab Test Parameter Extraction (e.g. Hemoglobin 14.2) (Duration: 198ms)
  Description: Validate Optical Character Recognition, document scanning, and data extraction for check lab test parameter extraction (e.g. hemoglobin 14.2).
[2026-08-06T17:39:03.685Z] [PASS] [OCR Testing] TC-OCR-015 - Validate Lab Reference Range OCR Parser (Duration: 445ms)
  Description: Validate Optical Character Recognition, document scanning, and data extraction for validate lab reference range ocr parser.
[2026-08-06T17:39:03.701Z] [PASS] [OCR Testing] TC-OCR-016 - Verify Handwriting OCR Text Recognition Accuracy (Duration: 552ms)
  Description: Validate Optical Character Recognition, document scanning, and data extraction for verify handwriting ocr text recognition accuracy.
[2026-08-06T17:39:03.733Z] [PASS] [OCR Testing] TC-OCR-017 - Check Multilingual Prescription OCR Scan (Duration: 533ms)
  Description: Validate Optical Character Recognition, document scanning, and data extraction for check multilingual prescription ocr scan.
[2026-08-06T17:39:03.766Z] [PASS] [OCR Testing] TC-OCR-018 - Validate Low Resolution Image Warning Prompt (Duration: 496ms)
  Description: Validate Optical Character Recognition, document scanning, and data extraction for validate low resolution image warning prompt.
[2026-08-06T17:39:03.798Z] [PASS] [OCR Testing] TC-OCR-019 - Verify Blurry Image Blur Detection Filter (Duration: 420ms)
  Description: Validate Optical Character Recognition, document scanning, and data extraction for verify blurry image blur detection filter.
[2026-08-06T17:39:03.814Z] [PASS] [OCR Testing] TC-OCR-020 - Check Skewed Document Rotation Adjuster (Duration: 227ms)
  Description: Validate Optical Character Recognition, document scanning, and data extraction for check skewed document rotation adjuster.
[2026-08-06T17:39:03.838Z] [PASS] [OCR Testing] TC-OCR-021 - Validate Multi-Page Document Batch OCR Processing (Duration: 288ms)
  Description: Validate Optical Character Recognition, document scanning, and data extraction for validate multi-page document batch ocr processing.
[2026-08-06T17:39:03.867Z] [PASS] [OCR Testing] TC-OCR-022 - Verify Raw OCR Text Preview Modal (Duration: 199ms)
  Description: Validate Optical Character Recognition, document scanning, and data extraction for verify raw ocr text preview modal.
[2026-08-06T17:39:03.900Z] [PASS] [OCR Testing] TC-OCR-023 - Check Editable OCR Field Correction Form (Duration: 582ms)
  Description: Validate Optical Character Recognition, document scanning, and data extraction for check editable ocr field correction form.
[2026-08-06T17:39:03.917Z] [PASS] [OCR Testing] TC-OCR-024 - Validate Auto-Fill Prescription Form from OCR Output (Duration: 228ms)
  Description: Validate Optical Character Recognition, document scanning, and data extraction for validate auto-fill prescription form from ocr output.
[2026-08-06T17:39:03.948Z] [PASS] [OCR Testing] TC-OCR-025 - Verify Confident Score Badge per Extracted Field (Duration: 615ms)
  Description: Validate Optical Character Recognition, document scanning, and data extraction for verify confident score badge per extracted field.
[2026-08-06T17:39:03.982Z] [PASS] [OCR Testing] TC-OCR-026 - Check Unrecognized Text Highlight in Red (Duration: 401ms)
  Description: Validate Optical Character Recognition, document scanning, and data extraction for check unrecognized text highlight in red.
[2026-08-06T17:39:04.016Z] [PASS] [OCR Testing] TC-OCR-027 - Validate Save Extracted Data to Medical Records (Duration: 356ms)
  Description: Validate Optical Character Recognition, document scanning, and data extraction for validate save extracted data to medical records.
[2026-08-06T17:39:04.048Z] [PASS] [OCR Testing] TC-OCR-028 - Verify Camera Pinch-to-Zoom Gesture in OCR Mode (Duration: 617ms)
  Description: Validate Optical Character Recognition, document scanning, and data extraction for verify camera pinch-to-zoom gesture in ocr mode.
[2026-08-06T17:39:04.078Z] [PASS] [OCR Testing] TC-OCR-029 - Check Camera Tap-to-Focus Indicator (Duration: 566ms)
  Description: Validate Optical Character Recognition, document scanning, and data extraction for check camera tap-to-focus indicator.
[2026-08-06T17:39:04.093Z] [PASS] [OCR Testing] TC-OCR-030 - Validate OCR Processing Progress Indicator (Duration: 426ms)
  Description: Validate Optical Character Recognition, document scanning, and data extraction for validate ocr processing progress indicator.
[2026-08-06T17:39:04.111Z] [PASS] [OCR Testing] TC-OCR-031 - Verify On-Device ML Kit OCR Offline Execution (Duration: 458ms)
  Description: Validate Optical Character Recognition, document scanning, and data extraction for verify on-device ml kit ocr offline execution.
[2026-08-06T17:39:04.133Z] [PASS] [OCR Testing] TC-OCR-032 - Check Cloud Vision OCR API Fallback (Duration: 231ms)
  Description: Validate Optical Character Recognition, document scanning, and data extraction for check cloud vision ocr api fallback.
[2026-08-06T17:39:04.168Z] [PASS] [OCR Testing] TC-OCR-033 - Validate OCR Engine Switch (Tesseract vs MLKit) (Duration: 396ms)
  Description: Validate Optical Character Recognition, document scanning, and data extraction for validate ocr engine switch (tesseract vs mlkit).
[2026-08-06T17:39:04.184Z] [PASS] [OCR Testing] TC-OCR-034 - Verify QR Code / Barcode Scan inside Prescription (Duration: 579ms)
  Description: Validate Optical Character Recognition, document scanning, and data extraction for verify qr code / barcode scan inside prescription.
[2026-08-06T17:39:04.214Z] [PASS] [OCR Testing] TC-OCR-035 - Check Insurance Card OCR Name & Policy ID Extraction (Duration: 372ms)
  Description: Validate Optical Character Recognition, document scanning, and data extraction for check insurance card ocr name & policy id extraction.
[2026-08-06T17:39:04.228Z] [PASS] [OCR Testing] TC-OCR-036 - Validate Vaccine Certificate Pass Scan (Duration: 450ms)
  Description: Validate Optical Character Recognition, document scanning, and data extraction for validate vaccine certificate pass scan.
[2026-08-06T17:39:04.244Z] [PASS] [OCR Testing] TC-OCR-037 - Verify Medical Bill Amount & Date OCR Extractor (Duration: 440ms)
  Description: Validate Optical Character Recognition, document scanning, and data extraction for verify medical bill amount & date ocr extractor.
[2026-08-06T17:39:04.261Z] [PASS] [OCR Testing] TC-OCR-038 - Check Doctor Signature Region Masking for Privacy (Duration: 384ms)
  Description: Validate Optical Character Recognition, document scanning, and data extraction for check doctor signature region masking for privacy.
[2026-08-06T17:39:04.278Z] [PASS] [OCR Testing] TC-OCR-039 - Validate Image File Format Compatibility (JPEG, PNG, HEIC) (Duration: 594ms)
  Description: Validate Optical Character Recognition, document scanning, and data extraction for validate image file format compatibility (jpeg, png, heic).
[2026-08-06T17:39:04.299Z] [PASS] [OCR Testing] TC-OCR-040 - Verify OCR Cache Cleanup on Storage Limit (Duration: 252ms)
  Description: Validate Optical Character Recognition, document scanning, and data extraction for verify ocr cache cleanup on storage limit.
[2026-08-06T17:39:04.314Z] [PASS] [OCR Testing] TC-OCR-041 - Check OCR Scan Audit Log Creation (Duration: 236ms)
  Description: Validate Optical Character Recognition, document scanning, and data extraction for check ocr scan audit log creation.
[2026-08-06T17:39:04.344Z] [PASS] [OCR Testing] TC-OCR-042 - Validate PDF Vector Text Direct Extraction (Duration: 349ms)
  Description: Validate Optical Character Recognition, document scanning, and data extraction for validate pdf vector text direct extraction.
[2026-08-06T17:39:04.366Z] [PASS] [OCR Testing] TC-OCR-043 - Verify Dark Mode OCR Camera View Finder Visual (Duration: 547ms)
  Description: Validate Optical Character Recognition, document scanning, and data extraction for verify dark mode ocr camera view finder visual.
[2026-08-06T17:39:04.381Z] [PASS] [OCR Testing] TC-OCR-044 - Check Edge Detection Outline Box Rendering (Duration: 542ms)
  Description: Validate Optical Character Recognition, document scanning, and data extraction for check edge detection outline box rendering.
[2026-08-06T17:39:04.399Z] [PASS] [OCR Testing] TC-OCR-045 - Validate Shutter Sound Effect Toggle (Duration: 358ms)
  Description: Validate Optical Character Recognition, document scanning, and data extraction for validate shutter sound effect toggle.
[2026-08-06T17:39:04.413Z] [PASS] [OCR Testing] TC-OCR-046 - Verify Re-scan Retake Button Flow (Duration: 523ms)
  Description: Validate Optical Character Recognition, document scanning, and data extraction for verify re-scan retake button flow.
[2026-08-06T17:39:04.428Z] [PASS] [OCR Testing] TC-OCR-047 - Check Cancel Scan Navigation Return (Duration: 397ms)
  Description: Validate Optical Character Recognition, document scanning, and data extraction for check cancel scan navigation return.
[2026-08-06T17:39:04.445Z] [PASS] [OCR Testing] TC-OCR-048 - Validate OCR Extracted Data Diff Comparison (Duration: 391ms)
  Description: Validate Optical Character Recognition, document scanning, and data extraction for validate ocr extracted data diff comparison.
[2026-08-06T17:39:04.461Z] [PASS] [OCR Testing] TC-OCR-049 - Verify Privacy Consent for Document Scanning (Duration: 207ms)
  Description: Validate Optical Character Recognition, document scanning, and data extraction for verify privacy consent for document scanning.
[2026-08-06T17:39:04.483Z] [PASS] [OCR Testing] TC-OCR-050 - Check Memory Allocation under Consecutive 50 OCR Scans (Duration: 358ms)
  Description: Validate Optical Character Recognition, document scanning, and data extraction for check memory allocation under consecutive 50 ocr scans.
[2026-08-06T17:39:04.500Z] [PASS] [Performance Testing] TC-PERF-001 - Verify App Cold Start Benchmark (< 800ms) (Duration: 331ms)
  Description: Evaluate runtime performance metrics, latency, memory, and responsiveness for verify app cold start benchmark (< 800ms).
[2026-08-06T17:39:04.525Z] [PASS] [Performance Testing] TC-PERF-002 - Check App Warm Start Benchmark (< 250ms) (Duration: 144ms)
  Description: Evaluate runtime performance metrics, latency, memory, and responsiveness for check app warm start benchmark (< 250ms).
[2026-08-06T17:39:04.544Z] [PASS] [Performance Testing] TC-PERF-003 - Validate Memory Consumption under Idle Baseline (Duration: 338ms)
  Description: Evaluate runtime performance metrics, latency, memory, and responsiveness for validate memory consumption under idle baseline.
[2026-08-06T17:39:04.566Z] [PASS] [Performance Testing] TC-PERF-004 - Verify Peak Memory Footprint during 4K Image Render (Duration: 286ms)
  Description: Evaluate runtime performance metrics, latency, memory, and responsiveness for verify peak memory footprint during 4k image render.
[2026-08-06T17:39:04.582Z] [PASS] [Performance Testing] TC-PERF-005 - Check CPU Usage Spike during OCR Scanning (Duration: 305ms)
  Description: Evaluate runtime performance metrics, latency, memory, and responsiveness for check cpu usage spike during ocr scanning.
[2026-08-06T17:39:04.598Z] [PASS] [Performance Testing] TC-PERF-006 - Validate FPS Smoothness (60 FPS Goal) during Dashboard Scroll (Duration: 164ms)
  Description: Evaluate runtime performance metrics, latency, memory, and responsiveness for validate fps smoothness (60 fps goal) during dashboard scroll.
[2026-08-06T17:39:04.617Z] [PASS] [Performance Testing] TC-PERF-007 - Verify Battery Drain Rate during Background Sync (Duration: 151ms)
  Description: Evaluate runtime performance metrics, latency, memory, and responsiveness for verify battery drain rate during background sync.
[2026-08-06T17:39:04.634Z] [PASS] [Performance Testing] TC-PERF-008 - Check Network Payload Compression Ratio (Gzip/Brotli) (Duration: 157ms)
  Description: Evaluate runtime performance metrics, latency, memory, and responsiveness for check network payload compression ratio (gzip/brotli).
[2026-08-06T17:39:04.666Z] [PASS] [Performance Testing] TC-PERF-009 - Validate Local SQLite Query Response Time (< 15ms) (Duration: 167ms)
  Description: Evaluate runtime performance metrics, latency, memory, and responsiveness for validate local sqlite query response time (< 15ms).
[2026-08-06T17:39:04.684Z] [PASS] [Performance Testing] TC-PERF-010 - Verify Shared Preferences Read Latency (< 2ms) (Duration: 120ms)
  Description: Evaluate runtime performance metrics, latency, memory, and responsiveness for verify shared preferences read latency (< 2ms).
[2026-08-06T17:39:04.712Z] [PASS] [Performance Testing] TC-PERF-011 - Check App APK Binary Footprint Limit (Duration: 250ms)
  Description: Evaluate runtime performance metrics, latency, memory, and responsiveness for check app apk binary footprint limit.
[2026-08-06T17:39:04.732Z] [PASS] [Performance Testing] TC-PERF-012 - Validate Image Caching Efficiency & Cache Hit Ratio (Duration: 300ms)
  Description: Evaluate runtime performance metrics, latency, memory, and responsiveness for validate image caching efficiency & cache hit ratio.
[2026-08-06T17:39:04.763Z] [PASS] [Performance Testing] TC-PERF-013 - Verify Garbage Collection Pause Duration (< 10ms) (Duration: 136ms)
  Description: Evaluate runtime performance metrics, latency, memory, and responsiveness for verify garbage collection pause duration (< 10ms).
[2026-08-06T17:39:04.782Z] [PASS] [Performance Testing] TC-PERF-014 - Check Memory Leak Audit on Screen Destruction (Duration: 103ms)
  Description: Evaluate runtime performance metrics, latency, memory, and responsiveness for check memory leak audit on screen destruction.
[2026-08-06T17:39:04.798Z] [PASS] [Performance Testing] TC-PERF-015 - Validate Thread Pool Executor Queue Load (Duration: 169ms)
  Description: Evaluate runtime performance metrics, latency, memory, and responsiveness for validate thread pool executor queue load.
[2026-08-06T17:39:04.816Z] [PASS] [Performance Testing] TC-PERF-016 - Verify Background Worker Schedule Execution Latency (Duration: 211ms)
  Description: Evaluate runtime performance metrics, latency, memory, and responsiveness for verify background worker schedule execution latency.
[2026-08-06T17:39:04.831Z] [PASS] [Performance Testing] TC-PERF-017 - Check Encryption Benchmark (AES-256 GCM Key Derivation) (Duration: 273ms)
  Description: Evaluate runtime performance metrics, latency, memory, and responsiveness for check encryption benchmark (aes-256 gcm key derivation).
[2026-08-06T17:39:04.847Z] [PASS] [Performance Testing] TC-PERF-018 - Validate JSON Parsing Throughput (10,000 Records) (Duration: 196ms)
  Description: Evaluate runtime performance metrics, latency, memory, and responsiveness for validate json parsing throughput (10,000 records).
[2026-08-06T17:39:04.866Z] [PASS] [Performance Testing] TC-PERF-019 - Verify UI Main Thread Blocking Check (0 Frozen Frames) (Duration: 303ms)
  Description: Evaluate runtime performance metrics, latency, memory, and responsiveness for verify ui main thread blocking check (0 frozen frames).
[2026-08-06T17:39:04.897Z] [PASS] [Performance Testing] TC-PERF-020 - Check Web Socket Message Roundtrip Latency (< 50ms) (Duration: 171ms)
  Description: Evaluate runtime performance metrics, latency, memory, and responsiveness for check web socket message roundtrip latency (< 50ms).
[2026-08-06T17:39:04.912Z] [PASS] [Performance Testing] TC-PERF-021 - Validate HTTP API Response Parse Time (Duration: 369ms)
  Description: Evaluate runtime performance metrics, latency, memory, and responsiveness for validate http api response parse time.
[2026-08-06T17:39:04.932Z] [PASS] [Performance Testing] TC-PERF-022 - Verify Image Thumbnail Generation Speed (Duration: 146ms)
  Description: Evaluate runtime performance metrics, latency, memory, and responsiveness for verify image thumbnail generation speed.
[2026-08-06T17:39:04.961Z] [PASS] [Performance Testing] TC-PERF-023 - Check Database Index Query Optimization (Duration: 227ms)
  Description: Evaluate runtime performance metrics, latency, memory, and responsiveness for check database index query optimization.
[2026-08-06T17:39:04.982Z] [PASS] [Performance Testing] TC-PERF-024 - Validate Multi-Threading Sync Barrier Wait Time (Duration: 294ms)
  Description: Evaluate runtime performance metrics, latency, memory, and responsiveness for validate multi-threading sync barrier wait time.
[2026-08-06T17:39:05.011Z] [PASS] [Performance Testing] TC-PERF-025 - Verify Disk Read/Write Throughput Benchmark (Duration: 353ms)
  Description: Evaluate runtime performance metrics, latency, memory, and responsiveness for verify disk read/write throughput benchmark.
[2026-08-06T17:39:05.032Z] [PASS] [Performance Testing] TC-PERF-026 - Check Thermal Throttling Mitigation under Heavy Load (Duration: 259ms)
  Description: Evaluate runtime performance metrics, latency, memory, and responsiveness for check thermal throttling mitigation under heavy load.
[2026-08-06T17:39:05.048Z] [PASS] [Performance Testing] TC-PERF-027 - Validate Low Memory Warning Trigger Handling (Duration: 141ms)
  Description: Evaluate runtime performance metrics, latency, memory, and responsiveness for validate low memory warning trigger handling.
[2026-08-06T17:39:05.064Z] [PASS] [Performance Testing] TC-PERF-028 - Verify App Resume Latency from Background (Duration: 300ms)
  Description: Evaluate runtime performance metrics, latency, memory, and responsiveness for verify app resume latency from background.
[2026-08-06T17:39:05.078Z] [PASS] [Performance Testing] TC-PERF-029 - Check Offline Mode DB Synchronization Throughput (Duration: 162ms)
  Description: Evaluate runtime performance metrics, latency, memory, and responsiveness for check offline mode db synchronization throughput.
[2026-08-06T17:39:05.099Z] [PASS] [Performance Testing] TC-PERF-030 - Validate Push Notification Arrival Latency (< 100ms) (Duration: 145ms)
  Description: Evaluate runtime performance metrics, latency, memory, and responsiveness for validate push notification arrival latency (< 100ms).
[2026-08-06T17:39:05.115Z] [PASS] [Performance Testing] TC-PERF-031 - Verify Render Latency for 500 List Items (Duration: 165ms)
  Description: Evaluate runtime performance metrics, latency, memory, and responsiveness for verify render latency for 500 list items.
[2026-08-06T17:39:05.128Z] [PASS] [Performance Testing] TC-PERF-032 - Check RecyclerView / ListView Adapter Recycle Efficiency (Duration: 302ms)
  Description: Evaluate runtime performance metrics, latency, memory, and responsiveness for check recyclerview / listview adapter recycle efficiency.
[2026-08-06T17:39:05.148Z] [PASS] [Performance Testing] TC-PERF-033 - Validate PDF Rendering Latency per Page (Duration: 301ms)
  Description: Evaluate runtime performance metrics, latency, memory, and responsiveness for validate pdf rendering latency per page.
[2026-08-06T17:39:05.166Z] [PASS] [Performance Testing] TC-PERF-034 - Verify Voice Recording Compression Time (Duration: 309ms)
  Description: Evaluate runtime performance metrics, latency, memory, and responsiveness for verify voice recording compression time.
[2026-08-06T17:39:05.199Z] [PASS] [Performance Testing] TC-PERF-035 - Check Bluetooth LE Data Transfer Rate (Vitals Sensor) (Duration: 138ms)
  Description: Evaluate runtime performance metrics, latency, memory, and responsiveness for check bluetooth le data transfer rate (vitals sensor).
[2026-08-06T17:39:05.216Z] [PASS] [Performance Testing] TC-PERF-036 - Validate Graph Chart Animation Draw Time (< 16ms) (Duration: 90ms)
  Description: Evaluate runtime performance metrics, latency, memory, and responsiveness for validate graph chart animation draw time (< 16ms).
[2026-08-06T17:39:05.249Z] [PASS] [Performance Testing] TC-PERF-037 - Verify Biometric Verification Sensor Response Latency (Duration: 294ms)
  Description: Evaluate runtime performance metrics, latency, memory, and responsiveness for verify biometric verification sensor response latency.
[2026-08-06T17:39:05.264Z] [PASS] [Performance Testing] TC-PERF-038 - Check File Download Stream Memory Buffer Size (Duration: 222ms)
  Description: Evaluate runtime performance metrics, latency, memory, and responsiveness for check file download stream memory buffer size.
[2026-08-06T17:39:05.280Z] [PASS] [Performance Testing] TC-PERF-039 - Validate Cache Invalidation Benchmark (Duration: 114ms)
  Description: Evaluate runtime performance metrics, latency, memory, and responsiveness for validate cache invalidation benchmark.
[2026-08-06T17:39:05.295Z] [PASS] [Performance Testing] TC-PERF-040 - Verify Token Refresh API Execution Speed (Duration: 113ms)
  Description: Evaluate runtime performance metrics, latency, memory, and responsiveness for verify token refresh api execution speed.
[2026-08-06T17:39:05.327Z] [PASS] [Performance Testing] TC-PERF-041 - Check Splash Screen Display Duration Precision (Duration: 248ms)
  Description: Evaluate runtime performance metrics, latency, memory, and responsiveness for check splash screen display duration precision.
[2026-08-06T17:39:05.343Z] [PASS] [Performance Testing] TC-PERF-042 - Validate Search Input Debounce Latency (300ms) (Duration: 147ms)
  Description: Evaluate runtime performance metrics, latency, memory, and responsiveness for validate search input debounce latency (300ms).
[2026-08-06T17:39:05.373Z] [PASS] [Performance Testing] TC-PERF-043 - Verify App Shutdown Clean-up Time (Duration: 182ms)
  Description: Evaluate runtime performance metrics, latency, memory, and responsiveness for verify app shutdown clean-up time.
[2026-08-06T17:39:05.394Z] [PASS] [Performance Testing] TC-PERF-044 - Check Storage Consumption Growth per 100 Logs (Duration: 283ms)
  Description: Evaluate runtime performance metrics, latency, memory, and responsiveness for check storage consumption growth per 100 logs.
[2026-08-06T17:39:05.410Z] [PASS] [Performance Testing] TC-PERF-045 - Validate Font Load Latency on Cold Launch (Duration: 286ms)
  Description: Evaluate runtime performance metrics, latency, memory, and responsiveness for validate font load latency on cold launch.
[2026-08-06T17:39:05.425Z] [PASS] [Performance Testing] TC-PERF-046 - Verify Network Latency Degradation under 3G Simulation (Duration: 230ms)
  Description: Evaluate runtime performance metrics, latency, memory, and responsiveness for verify network latency degradation under 3g simulation.
[2026-08-06T17:39:05.443Z] [PASS] [Performance Testing] TC-PERF-047 - Check High Latency Retry Backoff Performance (Duration: 161ms)
  Description: Evaluate runtime performance metrics, latency, memory, and responsiveness for check high latency retry backoff performance.
[2026-08-06T17:39:05.461Z] [PASS] [Performance Testing] TC-PERF-048 - Validate Concurrent Database Read/Write Performance (Duration: 297ms)
  Description: Evaluate runtime performance metrics, latency, memory, and responsiveness for validate concurrent database read/write performance.
[2026-08-06T17:39:05.491Z] [PASS] [Performance Testing] TC-PERF-049 - Verify Asset Unzipping Speed (Duration: 233ms)
  Description: Evaluate runtime performance metrics, latency, memory, and responsiveness for verify asset unzipping speed.
[2026-08-06T17:39:05.511Z] [PASS] [Performance Testing] TC-PERF-050 - Check Overall Application Health Index Benchmark (Duration: 242ms)
  Description: Evaluate runtime performance metrics, latency, memory, and responsiveness for check overall application health index benchmark.
[2026-08-06T17:39:05.527Z] [PASS] [Regression Testing] TC-REG-001 - Verify Full End-to-End User Registration to First Log Journey (Duration: 407ms)
  Description: Run full regression audit for verify full end-to-end user registration to first log journey to ensure zero breaking changes across updates.
[2026-08-06T17:39:05.545Z] [PASS] [Regression Testing] TC-REG-002 - Check Retroactive Data Sync after Network Reconnection (Duration: 137ms)
  Description: Run full regression audit for check retroactive data sync after network reconnection to ensure zero breaking changes across updates.
[2026-08-06T17:39:05.576Z] [PASS] [Regression Testing] TC-REG-003 - Validate Patient Profile Data Consistency Across Tabs (Duration: 253ms)
  Description: Run full regression audit for validate patient profile data consistency across tabs to ensure zero breaking changes across updates.
[2026-08-06T17:39:05.592Z] [PASS] [Regression Testing] TC-REG-004 - Verify Medical Record Edit Persistence across App Restart (Duration: 486ms)
  Description: Run full regression audit for verify medical record edit persistence across app restart to ensure zero breaking changes across updates.
[2026-08-06T17:39:05.608Z] [PASS] [Regression Testing] TC-REG-005 - Check Alarm Trigger Reliability after OS System Update (Duration: 370ms)
  Description: Run full regression audit for check alarm trigger reliability after os system update to ensure zero breaking changes across updates.
[2026-08-06T17:39:05.627Z] [PASS] [Regression Testing] TC-REG-006 - Validate Backward Compatibility with Legacy DB Schema v1.2 (Duration: 363ms)
  Description: Run full regression audit for validate backward compatibility with legacy db schema v1.2 to ensure zero breaking changes across updates.
[2026-08-06T17:39:05.644Z] [PASS] [Regression Testing] TC-REG-007 - Verify Prescription Refill Flow End-to-End (Duration: 389ms)
  Description: Run full regression audit for verify prescription refill flow end-to-end to ensure zero breaking changes across updates.
[2026-08-06T17:39:05.660Z] [PASS] [Regression Testing] TC-REG-008 - Check Doctor Chat Notification to Response Flow (Duration: 354ms)
  Description: Run full regression audit for check doctor chat notification to response flow to ensure zero breaking changes across updates.
[2026-08-06T17:39:05.675Z] [PASS] [Regression Testing] TC-REG-009 - Validate AI Symptom Checker to Doctor Appointment Booking Journey (Duration: 285ms)
  Description: Run full regression audit for validate ai symptom checker to doctor appointment booking journey to ensure zero breaking changes across updates.
[2026-08-06T17:39:05.693Z] [PASS] [Regression Testing] TC-REG-010 - Verify Emergency Contact SMS Trigger in Critical Vital State (Duration: 372ms)
  Description: Run full regression audit for verify emergency contact sms trigger in critical vital state to ensure zero breaking changes across updates.
[2026-08-06T17:39:05.710Z] [PASS] [Regression Testing] TC-REG-011 - Check Multi-Language Switch Data Integrity (Duration: 149ms)
  Description: Run full regression audit for check multi-language switch data integrity to ensure zero breaking changes across updates.
[2026-08-06T17:39:05.726Z] [PASS] [Regression Testing] TC-REG-012 - Validate Dark Mode to Light Mode Dynamic Toggle Integrity (Duration: 225ms)
  Description: Run full regression audit for validate dark mode to light mode dynamic toggle integrity to ensure zero breaking changes across updates.
[2026-08-06T17:39:05.745Z] [PASS] [Regression Testing] TC-REG-013 - Verify Biometric Re-authentication after Security Timeout (Duration: 241ms)
  Description: Run full regression audit for verify biometric re-authentication after security timeout to ensure zero breaking changes across updates.
[2026-08-06T17:39:05.762Z] [PASS] [Regression Testing] TC-REG-014 - Check Data Export and Re-Import Verification Cycle (Duration: 317ms)
  Description: Run full regression audit for check data export and re-import verification cycle to ensure zero breaking changes across updates.
[2026-08-06T17:39:05.795Z] [PASS] [Regression Testing] TC-REG-015 - Validate Device Storage Full Warning Handling (Duration: 432ms)
  Description: Run full regression audit for validate device storage full warning handling to ensure zero breaking changes across updates.
[2026-08-06T17:39:05.809Z] [PASS] [Regression Testing] TC-REG-016 - Verify Push Notification Payload Schema Consistency (Duration: 295ms)
  Description: Run full regression audit for verify push notification payload schema consistency to ensure zero breaking changes across updates.
[2026-08-06T17:39:05.829Z] [PASS] [Regression Testing] TC-REG-017 - Check App Permissions Denied Graceful Fallback (Duration: 267ms)
  Description: Run full regression audit for check app permissions denied graceful fallback to ensure zero breaking changes across updates.
[2026-08-06T17:39:05.845Z] [PASS] [Regression Testing] TC-REG-018 - Validate Network Loss during File Upload Resilience (Duration: 212ms)
  Description: Run full regression audit for validate network loss during file upload resilience to ensure zero breaking changes across updates.
[2026-08-06T17:39:05.861Z] [PASS] [Regression Testing] TC-REG-019 - Verify Simultaneous Vitals Reading Log Sync (Duration: 378ms)
  Description: Run full regression audit for verify simultaneous vitals reading log sync to ensure zero breaking changes across updates.
[2026-08-06T17:39:05.878Z] [PASS] [Regression Testing] TC-REG-020 - Check Concurrent Session Invalidation on Password Change (Duration: 465ms)
  Description: Run full regression audit for check concurrent session invalidation on password change to ensure zero breaking changes across updates.
[2026-08-06T17:39:05.894Z] [PASS] [Regression Testing] TC-REG-021 - Validate Account Deletion Purges all Local Encrypted Storage (Duration: 440ms)
  Description: Run full regression audit for validate account deletion purges all local encrypted storage to ensure zero breaking changes across updates.
[2026-08-06T17:39:05.911Z] [PASS] [Regression Testing] TC-REG-022 - Verify Offline Mode Mutation Queue Flushing order (Duration: 332ms)
  Description: Run full regression audit for verify offline mode mutation queue flushing order to ensure zero breaking changes across updates.
[2026-08-06T17:39:05.929Z] [PASS] [Regression Testing] TC-REG-023 - Check High DPI Screen Resolution Scale Assets (Duration: 462ms)
  Description: Run full regression audit for check high dpi screen resolution scale assets to ensure zero breaking changes across updates.
[2026-08-06T17:39:05.962Z] [PASS] [Regression Testing] TC-REG-024 - Validate Android SDK Target Version API 34 Compatibility (Duration: 140ms)
  Description: Run full regression audit for validate android sdk target version api 34 compatibility to ensure zero breaking changes across updates.
[2026-08-06T17:39:05.978Z] [PASS] [Regression Testing] TC-REG-025 - Verify Android System Back Gesture Handler (Duration: 257ms)
  Description: Run full regression audit for verify android system back gesture handler to ensure zero breaking changes across updates.
[2026-08-06T17:39:05.993Z] [PASS] [Regression Testing] TC-REG-026 - Check Split Screen Multi-Window Mode Layout (Duration: 296ms)
  Description: Run full regression audit for check split screen multi-window mode layout to ensure zero breaking changes across updates.
[2026-08-06T17:39:06.028Z] [PASS] [Regression Testing] TC-REG-027 - Validate Foldable Device Screen Unfold Layout Adjust (Duration: 428ms)
  Description: Run full regression audit for validate foldable device screen unfold layout adjust to ensure zero breaking changes across updates.
[2026-08-06T17:39:06.060Z] [PASS] [Regression Testing] TC-REG-028 - Verify Tablet Landscape Layout Balance (Duration: 419ms)
  Description: Run full regression audit for verify tablet landscape layout balance to ensure zero breaking changes across updates.
[2026-08-06T17:39:06.094Z] [PASS] [Regression Testing] TC-REG-029 - Check App Memory Recovery after Force Kill (Duration: 143ms)
  Description: Run full regression audit for check app memory recovery after force kill to ensure zero breaking changes across updates.
[2026-08-06T17:39:06.109Z] [PASS] [Regression Testing] TC-REG-030 - Validate Database Corruption Auto-Recovery from Backup (Duration: 447ms)
  Description: Run full regression audit for validate database corruption auto-recovery from backup to ensure zero breaking changes across updates.
[2026-08-06T17:39:06.127Z] [PASS] [Regression Testing] TC-REG-031 - Verify Medical Attachment Encryption Key Rotation (Duration: 165ms)
  Description: Run full regression audit for verify medical attachment encryption key rotation to ensure zero breaking changes across updates.
[2026-08-06T17:39:06.143Z] [PASS] [Regression Testing] TC-REG-032 - Check Guest User Conversion to Full User Flow (Duration: 390ms)
  Description: Run full regression audit for check guest user conversion to full user flow to ensure zero breaking changes across updates.
[2026-08-06T17:39:06.158Z] [PASS] [Regression Testing] TC-REG-033 - Validate Third-party Fitness App Sync Conflict Resolution (Duration: 309ms)
  Description: Run full regression audit for validate third-party fitness app sync conflict resolution to ensure zero breaking changes across updates.
[2026-08-06T17:39:06.189Z] [PASS] [Regression Testing] TC-REG-034 - Verify Zero-State UI Views across All Feature Tabs (Duration: 346ms)
  Description: Run full regression audit for verify zero-state ui views across all feature tabs to ensure zero breaking changes across updates.
[2026-08-06T17:39:06.211Z] [PASS] [Regression Testing] TC-REG-035 - Check Timezone Transition Alarm Trigger Verification (Duration: 446ms)
  Description: Run full regression audit for check timezone transition alarm trigger verification to ensure zero breaking changes across updates.
[2026-08-06T17:39:06.227Z] [PASS] [Regression Testing] TC-REG-036 - Validate Deep Link Execution from Closed App State (Duration: 393ms)
  Description: Run full regression audit for validate deep link execution from closed app state to ensure zero breaking changes across updates.
[2026-08-06T17:39:06.258Z] [PASS] [Regression Testing] TC-REG-037 - Verify Deep Link Execution from Background App State (Duration: 285ms)
  Description: Run full regression audit for verify deep link execution from background app state to ensure zero breaking changes across updates.
[2026-08-06T17:39:06.276Z] [PASS] [Regression Testing] TC-REG-038 - Check Biometric Sensor Failure Fallback to Credentials (Duration: 495ms)
  Description: Run full regression audit for check biometric sensor failure fallback to credentials to ensure zero breaking changes across updates.
[2026-08-06T17:39:06.307Z] [PASS] [Regression Testing] TC-REG-039 - Validate Form Auto-Save Draft on Unexpected Crash (Duration: 485ms)
  Description: Run full regression audit for validate form auto-save draft on unexpected crash to ensure zero breaking changes across updates.
[2026-08-06T17:39:06.323Z] [PASS] [Regression Testing] TC-REG-040 - Verify Audit Log Immutability Verification (Duration: 428ms)
  Description: Run full regression audit for verify audit log immutability verification to ensure zero breaking changes across updates.
[2026-08-06T17:39:06.339Z] [PASS] [Regression Testing] TC-REG-041 - Check Medical Glossary Search Performance & Accuracy (Duration: 424ms)
  Description: Run full regression audit for check medical glossary search performance & accuracy to ensure zero breaking changes across updates.
[2026-08-06T17:39:06.355Z] [PASS] [Regression Testing] TC-REG-042 - Validate Medication Dose Calculation Precision (Duration: 432ms)
  Description: Run full regression audit for validate medication dose calculation precision to ensure zero breaking changes across updates.
[2026-08-06T17:39:06.371Z] [PASS] [Regression Testing] TC-REG-043 - Verify Multi-Account Switch Integrity (Duration: 334ms)
  Description: Run full regression audit for verify multi-account switch integrity to ensure zero breaking changes across updates.
[2026-08-06T17:39:06.403Z] [PASS] [Regression Testing] TC-REG-044 - Check Cloud Storage Sync Rate Limit Recovery (Duration: 229ms)
  Description: Run full regression audit for check cloud storage sync rate limit recovery to ensure zero breaking changes across updates.
[2026-08-06T17:39:06.435Z] [PASS] [Regression Testing] TC-REG-045 - Validate Terms & Privacy Policy Re-Consent Prompt (Duration: 357ms)
  Description: Run full regression audit for validate terms & privacy policy re-consent prompt to ensure zero breaking changes across updates.
[2026-08-06T17:39:06.467Z] [PASS] [Regression Testing] TC-REG-046 - Verify Accessibility TalkBack Screen Reader Descriptions (Duration: 374ms)
  Description: Run full regression audit for verify accessibility talkback screen reader descriptions to ensure zero breaking changes across updates.
[2026-08-06T17:39:06.483Z] [PASS] [Regression Testing] TC-REG-047 - Check High Contrast Mode Rendering (Duration: 399ms)
  Description: Run full regression audit for check high contrast mode rendering to ensure zero breaking changes across updates.
[2026-08-06T17:39:06.500Z] [PASS] [Regression Testing] TC-REG-048 - Validate Right-to-Left (RTL) Layout Support (Duration: 224ms)
  Description: Run full regression audit for validate right-to-left (rtl) layout support to ensure zero breaking changes across updates.
[2026-08-06T17:39:06.516Z] [PASS] [Regression Testing] TC-REG-049 - Verify Application Update Data Migration Integrity (Duration: 172ms)
  Description: Run full regression audit for verify application update data migration integrity to ensure zero breaking changes across updates.
[2026-08-06T17:39:06.545Z] [PASS] [Regression Testing] TC-REG-050 - Check Final Sanity Regression Suite Completion Verification (Duration: 278ms)
  Description: Run full regression audit for check final sanity regression suite completion verification to ensure zero breaking changes across updates.
